{"timestamp":"2026-09-29T15:34:21.511371+00:00","level":"INFO","logger":"httpx","message":"HTTP Request: POST http://load/api/v1/mobile/devices \"HTTP/1.1 201 Created\""}
{"timestamp":"2026-09-29T15:34:21.518738+00:00","level":"INFO","logger":"httpx","message":"HTTP Request: POST http://load/api/v1/accounts \"HTTP/1.1 201 Created\""}
{"timestamp":"2026-09-29T15:34:21.526930+00:00","level":"INFO","logger":"httpx","message":"HTTP Request: POST http://load/api/v1/accounts/01a0edcd-7a4b-7ca9-9179-634d969c77c5/bindings \"HTTP/1.1 201 Created\""}
{"timestamp":"2026-09-29T15:34:21.531260+00:00","level":"INFO","logger":"httpx","message":"HTTP Request: POST http://load/api/v1/mobile/enrollments \"HTTP/1.1 201 Created\""}
{"timestamp":"2026-09-29T15:34:21.571844+00:00","level":"INFO","logger":"httpx","message":"HTTP Request: POST http://load/companion/v2/enroll \"HTTP/1.1 201 Created\""}
{"timestamp":"2026-09-29T15:34:21.574429+00:00","level":"INFO","logger":"httpx","message":"HTTP Request: POST http://load/api/v1/mobile/devices \"HTTP/1.1 201 Created\""}
{"timestamp":"2026-09-29T15:34:21.577707+00:00","level":"INFO","logger":"httpx","message":"HTTP Request: POST http://load/api/v1/accounts \"HTTP/1.1 201 Created\""}
{"timestamp":"2026-09-29T15:34:21.581777+00:00","level":"INFO","logger":"httpx","message":"HTTP Request: POST http://load/api/v1/accounts/01a0edcd-7a88-74b7-8f4e-5de1444e978e/bindings \"HTTP/1.1 201 Created\""}
{"timestamp":"2026-09-29T15:34:21.584545+00:00","level":"INFO","logger":"httpx","message":"HTTP Request: POST http://load/api/v1/mobile/enrollments \"HTTP/1.1 201 Created\""}
{"timestamp":"2026-09-29T15:34:21.588848+00:00","level":"INFO","logger":"httpx","message":"HTTP Request: POST http://load/companion/v2/enroll \"HTTP/1.1 201 Created\""}
{"timestamp":"2026-09-29T15:34:21.591128+00:00","level":"INFO","logger":"httpx","message":"HTTP Request: POST http://load/api/v1/mobile/devices \"HTTP/1.1 201 Created\""}
{"timestamp":"2026-09-29T15:34:21.594375+00:00","level":"INFO","logger":"httpx","message":"HTTP Request: POST http://load/api/v1/accounts \"HTTP/1.1 201 Created\""}
{"timestamp":"2026-09-29T15:34:21.598154+00:00","level":"INFO","logger":"httpx","message":"HTTP Request: POST http://load/api/v1/accounts/01a0edcd-7a99-7a32-ac18-200ab29a00ce/bindings \"HTTP/1.1 201 Created\""}
{"timestamp":"2026-09-29T15:34:21.600601+00:00","level":"INFO","logger":"httpx","message":"HTTP Request: POST http://load/api/v1/mobile/enrollments \"HTTP/1.1 201 Created\""}
{"timestamp":"2026-09-29T15:34:21.604151+00:00","level":"INFO","logger":"httpx","message":"HTTP Request: POST http://load/companion/v2/enroll \"HTTP/1.1 201 Created\""}
{"timestamp":"2026-09-29T15:34:21.606224+00:00","level":"INFO","logger":"httpx","message":"HTTP Request: POST http://load/api/v1/mobile/devices \"HTTP/1.1 201 Created\""}
{"timestamp":"2026-09-29T15:34:21.608912+00:00","level":"INFO","logger":"httpx","message":"HTTP Request: POST http://load/api/v1/accounts \"HTTP/1.1 201 Created\""}
{"timestamp":"2026-09-29T15:34:21.612150+00:00","level":"INFO","logger":"httpx","message":"HTTP Request: POST http://load/api/v1/accounts/01a0edcd-7aa7-745a-8463-437157280366/bindings \"HTTP/1.1 201 Created\""}
{"timestamp":"2026-09-29T15:34:21.614648+00:00","level":"INFO","logger":"httpx","message":"HTTP Request: POST http://load/api/v1/mobile/enrollments \"HTTP/1.1 201 Created\""}
{"timestamp":"2026-09-29T15:34:21.618227+00:00","level":"INFO","logger":"httpx","message":"HTTP Request: POST http://load/companion/v2/enroll \"HTTP/1.1 201 Created\""}
{"timestamp":"2026-09-29T15:34:21.620303+00:00","level":"INFO","logger":"httpx","message":"HTTP Request: POST http://load/api/v1/mobile/devices \"HTTP/1.1 201 Created\""}
{"timestamp":"2026-09-29T15:34:21.623348+00:00","level":"INFO","logger":"httpx","message":"HTTP Request: POST http://load/api/v1/accounts \"HTTP/1.1 201 Created\""}
{"timestamp":"2026-09-29T15:34:21.627056+00:00","level":"INFO","logger":"httpx","message":"HTTP Request: POST http://load/api/v1/accounts/01a0edcd-7ab6-7004-b571-385df2bc09a4/bindings \"HTTP/1.1 201 Created\""}
{"timestamp":"2026-09-29T15:34:21.629806+00:00","level":"INFO","logger":"httpx","message":"HTTP Request: POST http://load/api/v1/mobile/enrollments \"HTTP/1.1 201 Created\""}
{"timestamp":"2026-09-29T15:34:21.633433+00:00","level":"INFO","logger":"httpx","message":"HTTP Request: POST http://load/companion/v2/enroll \"HTTP/1.1 201 Created\""}
{"timestamp":"2026-09-29T15:34:21.635678+00:00","level":"INFO","logger":"httpx","message":"HTTP Request: POST http://load/api/v1/mobile/devices \"HTTP/1.1 201 Created\""}
{"timestamp":"2026-09-29T15:34:21.638528+00:00","level":"INFO","logger":"httpx","message":"HTTP Request: POST http://load/api/v1/accounts \"HTTP/1.1 201 Created\""}
{"timestamp":"2026-09-29T15:34:21.641979+00:00","level":"INFO","logger":"httpx","message":"HTTP Request: POST http://load/api/v1/accounts/01a0edcd-7ac5-7bf9-b725-b37c7ccf4295/bindings \"HTTP/1.1 201 Created\""}
{"timestamp":"2026-09-29T15:34:21.644211+00:00","level":"INFO","logger":"httpx","message":"HTTP Request: POST http://load/api/v1/mobile/enrollments \"HTTP/1.1 201 Created\""}
{"timestamp":"2026-09-29T15:34:21.648745+00:00","level":"INFO","logger":"httpx","message":"HTTP Request: POST http://load/companion/v2/enroll \"HTTP/1.1 201 Created\""}
{"timestamp":"2026-09-29T15:34:21.650878+00:00","level":"INFO","logger":"httpx","message":"HTTP Request: POST http://load/api/v1/mobile/devices \"HTTP/1.1 201 Created\""}
{"timestamp":"2026-09-29T15:34:21.653182+00:00","level":"INFO","logger":"httpx","message":"HTTP Request: POST http://load/api/v1/accounts \"HTTP/1.1 201 Created\""}
{"timestamp":"2026-09-29T15:34:21.656046+00:00","level":"INFO","logger":"httpx","message":"HTTP Request: POST http://load/api/v1/accounts/01a0edcd-7ad4-77bc-a857-ee64726c96d8/bindings \"HTTP/1.1 201 Created\""}
{"timestamp":"2026-09-29T15:34:21.658071+00:00","level":"INFO","logger":"httpx","message":"HTTP Request: POST http://load/api/v1/mobile/enrollments \"HTTP/1.1 201 Created\""}
{"timestamp":"2026-09-29T15:34:21.661634+00:00","level":"INFO","logger":"httpx","message":"HTTP Request: POST http://load/companion/v2/enroll \"HTTP/1.1 201 Created\""}
{"timestamp":"2026-09-29T15:34:21.663894+00:00","level":"INFO","logger":"httpx","message":"HTTP Request: POST http://load/api/v1/mobile/devices \"HTTP/1.1 201 Created\""}
{"timestamp":"2026-09-29T15:34:21.666919+00:00","level":"INFO","logger":"httpx","message":"HTTP Request: POST http://load/api/v1/accounts \"HTTP/1.1 201 Created\""}
{"timestamp":"2026-09-29T15:34:21.670133+00:00","level":"INFO","logger":"httpx","message":"HTTP Request: POST http://load/api/v1/accounts/01a0edcd-7ae1-758f-9e79-e9f9ee1238b6/bindings \"HTTP/1.1 201 Created\""}
{"timestamp":"2026-09-29T15:34:21.672670+00:00","level":"INFO","logger":"httpx","message":"HTTP Request: POST http://load/api/v1/mobile/enrollments \"HTTP/1.1 201 Created\""}
{"timestamp":"2026-09-29T15:34:21.676058+00:00","level":"INFO","logger":"httpx","message":"HTTP Request: POST http://load/companion/v2/enroll \"HTTP/1.1 201 Created\""}
{"timestamp":"2026-09-29T15:34:21.678098+00:00","level":"INFO","logger":"httpx","message":"HTTP Request: POST http://load/api/v1/mobile/devices \"HTTP/1.1 201 Created\""}
{"timestamp":"2026-09-29T15:34:21.680807+00:00","level":"INFO","logger":"httpx","message":"HTTP Request: POST http://load/api/v1/accounts \"HTTP/1.1 201 Created\""}
{"timestamp":"2026-09-29T15:34:21.683780+00:00","level":"INFO","logger":"httpx","message":"HTTP Request: POST http://load/api/v1/accounts/01a0edcd-7aef-7a70-90b9-e2172340bf13/bindings \"HTTP/1.1 201 Created\""}
{"timestamp":"2026-09-29T15:34:21.685994+00:00","level":"INFO","logger":"httpx","message":"HTTP Request: POST http://load/api/v1/mobile/enrollments \"HTTP/1.1 201 Created\""}
{"timestamp":"2026-09-29T15:34:21.689837+00:00","level":"INFO","logger":"httpx","message":"HTTP Request: POST http://load/companion/v2/enroll \"HTTP/1.1 201 Created\""}
{"timestamp":"2026-09-29T15:34:21.691773+00:00","level":"INFO","logger":"httpx","message":"HTTP Request: POST http://load/api/v1/mobile/devices \"HTTP/1.1 201 Created\""}
{"timestamp":"2026-09-29T15:34:21.694463+00:00","level":"INFO","logger":"httpx","message":"HTTP Request: POST http://load/api/v1/accounts \"HTTP/1.1 201 Created\""}
{"timestamp":"2026-09-29T15:34:21.697623+00:00","level":"INFO","logger":"httpx","message":"HTTP Request: POST http://load/api/v1/accounts/01a0edcd-7afd-78bb-a779-cf50fcf8b789/bindings \"HTTP/1.1 201 Created\""}
{"timestamp":"2026-09-29T15:34:21.702180+00:00","level":"INFO","logger":"httpx","message":"HTTP Request: POST http://load/api/v1/mobile/enrollments \"HTTP/1.1 201 Created\""}
{"timestamp":"2026-09-29T15:34:21.706213+00:00","level":"INFO","logger":"httpx","message":"HTTP Request: POST http://load/companion/v2/enroll \"HTTP/1.1 201 Created\""}
{"timestamp":"2026-09-29T15:34:21.708132+00:00","level":"INFO","logger":"httpx","message":"HTTP Request: POST http://load/api/v1/mobile/devices \"HTTP/1.1 201 Created\""}
{"timestamp":"2026-09-29T15:34:21.710533+00:00","level":"INFO","logger":"httpx","message":"HTTP Request: POST http://load/api/v1/accounts \"HTTP/1.1 201 Created\""}
{"timestamp":"2026-09-29T15:34:21.714473+00:00","level":"INFO","logger":"httpx","message":"HTTP Request: POST http://load/api/v1/accounts/01a0edcd-7b0d-7ead-9e9e-4935474dbbc5/bindings \"HTTP/1.1 201 Created\""}
{"timestamp":"2026-09-29T15:34:21.717476+00:00","level":"INFO","logger":"httpx","message":"HTTP Request: POST http://load/api/v1/mobile/enrollments \"HTTP/1.1 201 Created\""}
{"timestamp":"2026-09-29T15:34:21.721405+00:00","level":"INFO","logger":"httpx","message":"HTTP Request: POST http://load/companion/v2/enroll \"HTTP/1.1 201 Created\""}
{"timestamp":"2026-09-29T15:34:21.723899+00:00","level":"INFO","logger":"httpx","message":"HTTP Request: POST http://load/api/v1/mobile/devices \"HTTP/1.1 201 Created\""}
{"timestamp":"2026-09-29T15:34:21.726690+00:00","level":"INFO","logger":"httpx","message":"HTTP Request: POST http://load/api/v1/accounts \"HTTP/1.1 201 Created\""}
{"timestamp":"2026-09-29T15:34:21.730026+00:00","level":"INFO","logger":"httpx","message":"HTTP Request: POST http://load/api/v1/accounts/01a0edcd-7b1d-7f6f-82ea-b7efd60b2c14/bindings \"HTTP/1.1 201 Created\""}
{"timestamp":"2026-09-29T15:34:21.732265+00:00","level":"INFO","logger":"httpx","message":"HTTP Request: POST http://load/api/v1/mobile/enrollments \"HTTP/1.1 201 Created\""}
{"timestamp":"2026-09-29T15:34:21.736062+00:00","level":"INFO","logger":"httpx","message":"HTTP Request: POST http://load/companion/v2/enroll \"HTTP/1.1 201 Created\""}
{"timestamp":"2026-09-29T15:34:21.738236+00:00","level":"INFO","logger":"httpx","message":"HTTP Request: POST http://load/api/v1/mobile/devices \"HTTP/1.1 201 Created\""}
{"timestamp":"2026-09-29T15:34:21.740677+00:00","level":"INFO","logger":"httpx","message":"HTTP Request: POST http://load/api/v1/accounts \"HTTP/1.1 201 Created\""}
{"timestamp":"2026-09-29T15:34:21.744055+00:00","level":"INFO","logger":"httpx","message":"HTTP Request: POST http://load/api/v1/accounts/01a0edcd-7b2b-7c86-8719-7323ac072a5c/bindings \"HTTP/1.1 201 Created\""}
{"timestamp":"2026-09-29T15:34:21.746478+00:00","level":"INFO","logger":"httpx","message":"HTTP Request: POST http://load/api/v1/mobile/enrollments \"HTTP/1.1 201 Created\""}
{"timestamp":"2026-09-29T15:34:21.750601+00:00","level":"INFO","logger":"httpx","message":"HTTP Request: POST http://load/companion/v2/enroll \"HTTP/1.1 201 Created\""}
{"timestamp":"2026-09-29T15:34:21.752830+00:00","level":"INFO","logger":"httpx","message":"HTTP Request: POST http://load/api/v1/mobile/devices \"HTTP/1.1 201 Created\""}
{"timestamp":"2026-09-29T15:34:21.755738+00:00","level":"INFO","logger":"httpx","message":"HTTP Request: POST http://load/api/v1/accounts \"HTTP/1.1 201 Created\""}
{"timestamp":"2026-09-29T15:34:21.759034+00:00","level":"INFO","logger":"httpx","message":"HTTP Request: POST http://load/api/v1/accounts/01a0edcd-7b3a-77a0-9905-41dc56219384/bindings \"HTTP/1.1 201 Created\""}
{"timestamp":"2026-09-29T15:34:21.761668+00:00","level":"INFO","logger":"httpx","message":"HTTP Request: POST http://load/api/v1/mobile/enrollments \"HTTP/1.1 201 Created\""}
{"timestamp":"2026-09-29T15:34:21.765897+00:00","level":"INFO","logger":"httpx","message":"HTTP Request: POST http://load/companion/v2/enroll \"HTTP/1.1 201 Created\""}
{"timestamp":"2026-09-29T15:34:21.768311+00:00","level":"INFO","logger":"httpx","message":"HTTP Request: POST http://load/api/v1/mobile/devices \"HTTP/1.1 201 Created\""}
{"timestamp":"2026-09-29T15:34:21.771121+00:00","level":"INFO","logger":"httpx","message":"HTTP Request: POST http://load/api/v1/accounts \"HTTP/1.1 201 Created\""}
{"timestamp":"2026-09-29T15:34:21.774842+00:00","level":"INFO","logger":"httpx","message":"HTTP Request: POST http://load/api/v1/accounts/01a0edcd-7b49-7742-8a6f-e56ebba86803/bindings \"HTTP/1.1 201 Created\""}
{"timestamp":"2026-09-29T15:34:21.777561+00:00","level":"INFO","logger":"httpx","message":"HTTP Request: POST http://load/api/v1/mobile/enrollments \"HTTP/1.1 201 Created\""}
{"timestamp":"2026-09-29T15:34:21.781915+00:00","level":"INFO","logger":"httpx","message":"HTTP Request: POST http://load/companion/v2/enroll \"HTTP/1.1 201 Created\""}
{"timestamp":"2026-09-29T15:34:21.784342+00:00","level":"INFO","logger":"httpx","message":"HTTP Request: POST http://load/api/v1/mobile/devices \"HTTP/1.1 201 Created\""}
{"timestamp":"2026-09-29T15:34:21.787339+00:00","level":"INFO","logger":"httpx","message":"HTTP Request: POST http://load/api/v1/accounts \"HTTP/1.1 201 Created\""}
{"timestamp":"2026-09-29T15:34:21.790956+00:00","level":"INFO","logger":"httpx","message":"HTTP Request: POST http://load/api/v1/accounts/01a0edcd-7b5a-7ef6-9575-6219a8f62b5e/bindings \"HTTP/1.1 201 Created\""}
{"timestamp":"2026-09-29T15:34:21.793419+00:00","level":"INFO","logger":"httpx","message":"HTTP Request: POST http://load/api/v1/mobile/enrollments \"HTTP/1.1 201 Created\""}
{"timestamp":"2026-09-29T15:34:21.797203+00:00","level":"INFO","logger":"httpx","message":"HTTP Request: POST http://load/companion/v2/enroll \"HTTP/1.1 201 Created\""}
{"timestamp":"2026-09-29T15:34:21.799223+00:00","level":"INFO","logger":"httpx","message":"HTTP Request: POST http://load/api/v1/mobile/devices \"HTTP/1.1 201 Created\""}
{"timestamp":"2026-09-29T15:34:21.801800+00:00","level":"INFO","logger":"httpx","message":"HTTP Request: POST http://load/api/v1/accounts \"HTTP/1.1 201 Created\""}
{"timestamp":"2026-09-29T15:34:21.805124+00:00","level":"INFO","logger":"httpx","message":"HTTP Request: POST http://load/api/v1/accounts/01a0edcd-7b68-71b6-b416-3e3fffb0d6ff/bindings \"HTTP/1.1 201 Created\""}
{"timestamp":"2026-09-29T15:34:21.807365+00:00","level":"INFO","logger":"httpx","message":"HTTP Request: POST http://load/api/v1/mobile/enrollments \"HTTP/1.1 201 Created\""}
{"timestamp":"2026-09-29T15:34:21.810888+00:00","level":"INFO","logger":"httpx","message":"HTTP Request: POST http://load/companion/v2/enroll \"HTTP/1.1 201 Created\""}
{"timestamp":"2026-09-29T15:34:21.813194+00:00","level":"INFO","logger":"httpx","message":"HTTP Request: POST http://load/api/v1/mobile/devices \"HTTP/1.1 201 Created\""}
{"timestamp":"2026-09-29T15:34:21.816147+00:00","level":"INFO","logger":"httpx","message":"HTTP Request: POST http://load/api/v1/accounts \"HTTP/1.1 201 Created\""}
{"timestamp":"2026-09-29T15:34:21.820061+00:00","level":"INFO","logger":"httpx","message":"HTTP Request: POST http://load/api/v1/accounts/01a0edcd-7b76-7678-895b-ea3748dfba2a/bindings \"HTTP/1.1 201 Created\""}
{"timestamp":"2026-09-29T15:34:21.822838+00:00","level":"INFO","logger":"httpx","message":"HTTP Request: POST http://load/api/v1/mobile/enrollments \"HTTP/1.1 201 Created\""}
{"timestamp":"2026-09-29T15:34:21.827374+00:00","level":"INFO","logger":"httpx","message":"HTTP Request: POST http://load/companion/v2/enroll \"HTTP/1.1 201 Created\""}
{"timestamp":"2026-09-29T15:34:21.829853+00:00","level":"INFO","logger":"httpx","message":"HTTP Request: POST http://load/api/v1/mobile/devices \"HTTP/1.1 201 Created\""}
{"timestamp":"2026-09-29T15:34:21.832984+00:00","level":"INFO","logger":"httpx","message":"HTTP Request: POST http://load/api/v1/accounts \"HTTP/1.1 201 Created\""}
{"timestamp":"2026-09-29T15:34:21.836671+00:00","level":"INFO","logger":"httpx","message":"HTTP Request: POST http://load/api/v1/accounts/01a0edcd-7b87-7279-87fd-a60fd3fc4ce8/bindings \"HTTP/1.1 201 Created\""}
{"timestamp":"2026-09-29T15:34:21.839231+00:00","level":"INFO","logger":"httpx","message":"HTTP Request: POST http://load/api/v1/mobile/enrollments \"HTTP/1.1 201 Created\""}
{"timestamp":"2026-09-29T15:34:21.842628+00:00","level":"INFO","logger":"httpx","message":"HTTP Request: POST http://load/companion/v2/enroll \"HTTP/1.1 201 Created\""}
{"timestamp":"2026-09-29T15:34:21.844666+00:00","level":"INFO","logger":"httpx","message":"HTTP Request: POST http://load/api/v1/mobile/devices \"HTTP/1.1 201 Created\""}
{"timestamp":"2026-09-29T15:34:21.847333+00:00","level":"INFO","logger":"httpx","message":"HTTP Request: POST http://load/api/v1/accounts \"HTTP/1.1 201 Created\""}
{"timestamp":"2026-09-29T15:34:21.850330+00:00","level":"INFO","logger":"httpx","message":"HTTP Request: POST http://load/api/v1/accounts/01a0edcd-7b96-712f-9ec1-e22476d76413/bindings \"HTTP/1.1 201 Created\""}
{"timestamp":"2026-09-29T15:34:21.852479+00:00","level":"INFO","logger":"httpx","message":"HTTP Request: POST http://load/api/v1/mobile/enrollments \"HTTP/1.1 201 Created\""}
{"timestamp":"2026-09-29T15:34:21.856216+00:00","level":"INFO","logger":"httpx","message":"HTTP Request: POST http://load/companion/v2/enroll \"HTTP/1.1 201 Created\""}
{"timestamp":"2026-09-29T15:34:21.858286+00:00","level":"INFO","logger":"httpx","message":"HTTP Request: POST http://load/api/v1/mobile/devices \"HTTP/1.1 201 Created\""}
{"timestamp":"2026-09-29T15:34:21.860752+00:00","level":"INFO","logger":"httpx","message":"HTTP Request: POST http://load/api/v1/accounts \"HTTP/1.1 201 Created\""}
{"timestamp":"2026-09-29T15:34:21.865358+00:00","level":"INFO","logger":"httpx","message":"HTTP Request: POST http://load/api/v1/accounts/01a0edcd-7ba3-7662-b7ac-4813c66d4c65/bindings \"HTTP/1.1 201 Created\""}
{"timestamp":"2026-09-29T15:34:21.867835+00:00","level":"INFO","logger":"httpx","message":"HTTP Request: POST http://load/api/v1/mobile/enrollments \"HTTP/1.1 201 Created\""}
{"timestamp":"2026-09-29T15:34:21.871557+00:00","level":"INFO","logger":"httpx","message":"HTTP Request: POST http://load/companion/v2/enroll \"HTTP/1.1 201 Created\""}
{"timestamp":"2026-09-29T15:34:21.873818+00:00","level":"INFO","logger":"httpx","message":"HTTP Request: POST http://load/api/v1/mobile/devices \"HTTP/1.1 201 Created\""}
{"timestamp":"2026-09-29T15:34:21.876327+00:00","level":"INFO","logger":"httpx","message":"HTTP Request: POST http://load/api/v1/accounts \"HTTP/1.1 201 Created\""}
{"timestamp":"2026-09-29T15:34:21.879487+00:00","level":"INFO","logger":"httpx","message":"HTTP Request: POST http://load/api/v1/accounts/01a0edcd-7bb3-7291-a06f-277ee1a7b15e/bindings \"HTTP/1.1 201 Created\""}
{"timestamp":"2026-09-29T15:34:21.881914+00:00","level":"INFO","logger":"httpx","message":"HTTP Request: POST http://load/api/v1/mobile/enrollments \"HTTP/1.1 201 Created\""}
{"timestamp":"2026-09-29T15:34:21.886306+00:00","level":"INFO","logger":"httpx","message":"HTTP Request: POST http://load/companion/v2/enroll \"HTTP/1.1 201 Created\""}
{"timestamp":"2026-09-29T15:34:21.888671+00:00","level":"INFO","logger":"httpx","message":"HTTP Request: POST http://load/api/v1/mobile/devices \"HTTP/1.1 201 Created\""}
{"timestamp":"2026-09-29T15:34:21.891499+00:00","level":"INFO","logger":"httpx","message":"HTTP Request: POST http://load/api/v1/accounts \"HTTP/1.1 201 Created\""}
{"timestamp":"2026-09-29T15:34:21.894898+00:00","level":"INFO","logger":"httpx","message":"HTTP Request: POST http://load/api/v1/accounts/01a0edcd-7bc2-7d76-84ff-a45d0f2fb76f/bindings \"HTTP/1.1 201 Created\""}
{"timestamp":"2026-09-29T15:34:21.897668+00:00","level":"INFO","logger":"httpx","message":"HTTP Request: POST http://load/api/v1/mobile/enrollments \"HTTP/1.1 201 Created\""}
{"timestamp":"2026-09-29T15:34:21.901391+00:00","level":"INFO","logger":"httpx","message":"HTTP Request: POST http://load/companion/v2/enroll \"HTTP/1.1 201 Created\""}
{"timestamp":"2026-09-29T15:34:21.903594+00:00","level":"INFO","logger":"httpx","message":"HTTP Request: POST http://load/api/v1/mobile/devices \"HTTP/1.1 201 Created\""}
{"timestamp":"2026-09-29T15:34:21.906665+00:00","level":"INFO","logger":"httpx","message":"HTTP Request: POST http://load/api/v1/accounts \"HTTP/1.1 201 Created\""}
{"timestamp":"2026-09-29T15:34:21.909829+00:00","level":"INFO","logger":"httpx","message":"HTTP Request: POST http://load/api/v1/accounts/01a0edcd-7bd1-77d1-9534-2b0e9812ad02/bindings \"HTTP/1.1 201 Created\""}
{"timestamp":"2026-09-29T15:34:21.912133+00:00","level":"INFO","logger":"httpx","message":"HTTP Request: POST http://load/api/v1/mobile/enrollments \"HTTP/1.1 201 Created\""}
{"timestamp":"2026-09-29T15:34:21.916007+00:00","level":"INFO","logger":"httpx","message":"HTTP Request: POST http://load/companion/v2/enroll \"HTTP/1.1 201 Created\""}
{"timestamp":"2026-09-29T15:34:21.918164+00:00","level":"INFO","logger":"httpx","message":"HTTP Request: POST http://load/api/v1/mobile/devices \"HTTP/1.1 201 Created\""}
{"timestamp":"2026-09-29T15:34:21.920833+00:00","level":"INFO","logger":"httpx","message":"HTTP Request: POST http://load/api/v1/accounts \"HTTP/1.1 201 Created\""}
{"timestamp":"2026-09-29T15:34:21.924280+00:00","level":"INFO","logger":"httpx","message":"HTTP Request: POST http://load/api/v1/accounts/01a0edcd-7bdf-772d-a621-54ac6df77677/bindings \"HTTP/1.1 201 Created\""}
{"timestamp":"2026-09-29T15:34:21.926692+00:00","level":"INFO","logger":"httpx","message":"HTTP Request: POST http://load/api/v1/mobile/enrollments \"HTTP/1.1 201 Created\""}
{"timestamp":"2026-09-29T15:34:21.930175+00:00","level":"INFO","logger":"httpx","message":"HTTP Request: POST http://load/companion/v2/enroll \"HTTP/1.1 201 Created\""}
{"timestamp":"2026-09-29T15:34:21.932190+00:00","level":"INFO","logger":"httpx","message":"HTTP Request: POST http://load/api/v1/mobile/devices \"HTTP/1.1 201 Created\""}
{"timestamp":"2026-09-29T15:34:21.934774+00:00","level":"INFO","logger":"httpx","message":"HTTP Request: POST http://load/api/v1/accounts \"HTTP/1.1 201 Created\""}
{"timestamp":"2026-09-29T15:34:21.938010+00:00","level":"INFO","logger":"httpx","message":"HTTP Request: POST http://load/api/v1/accounts/01a0edcd-7bed-7c68-bce4-4df704461da4/bindings \"HTTP/1.1 201 Created\""}
{"timestamp":"2026-09-29T15:34:21.940251+00:00","level":"INFO","logger":"httpx","message":"HTTP Request: POST http://load/api/v1/mobile/enrollments \"HTTP/1.1 201 Created\""}
{"timestamp":"2026-09-29T15:34:21.944102+00:00","level":"INFO","logger":"httpx","message":"HTTP Request: POST http://load/companion/v2/enroll \"HTTP/1.1 201 Created\""}
{"timestamp":"2026-09-29T15:34:21.946413+00:00","level":"INFO","logger":"httpx","message":"HTTP Request: POST http://load/api/v1/mobile/devices \"HTTP/1.1 201 Created\""}
{"timestamp":"2026-09-29T15:34:21.950015+00:00","level":"INFO","logger":"httpx","message":"HTTP Request: POST http://load/api/v1/accounts \"HTTP/1.1 201 Created\""}
{"timestamp":"2026-09-29T15:34:21.953353+00:00","level":"INFO","logger":"httpx","message":"HTTP Request: POST http://load/api/v1/accounts/01a0edcd-7bfc-74e6-9395-736486c63f3a/bindings \"HTTP/1.1 201 Created\""}
{"timestamp":"2026-09-29T15:34:21.955736+00:00","level":"INFO","logger":"httpx","message":"HTTP Request: POST http://load/api/v1/mobile/enrollments \"HTTP/1.1 201 Created\""}
{"timestamp":"2026-09-29T15:34:21.959163+00:00","level":"INFO","logger":"httpx","message":"HTTP Request: POST http://load/companion/v2/enroll \"HTTP/1.1 201 Created\""}
{"timestamp":"2026-09-29T15:34:21.961240+00:00","level":"INFO","logger":"httpx","message":"HTTP Request: POST http://load/api/v1/mobile/devices \"HTTP/1.1 201 Created\""}
{"timestamp":"2026-09-29T15:34:21.964147+00:00","level":"INFO","logger":"httpx","message":"HTTP Request: POST http://load/api/v1/accounts \"HTTP/1.1 201 Created\""}
{"timestamp":"2026-09-29T15:34:21.967364+00:00","level":"INFO","logger":"httpx","message":"HTTP Request: POST http://load/api/v1/accounts/01a0edcd-7c0a-7555-8c37-613fa83d66be/bindings \"HTTP/1.1 201 Created\""}
{"timestamp":"2026-09-29T15:34:21.969635+00:00","level":"INFO","logger":"httpx","message":"HTTP Request: POST http://load/api/v1/mobile/enrollments \"HTTP/1.1 201 Created\""}
{"timestamp":"2026-09-29T15:34:21.973883+00:00","level":"INFO","logger":"httpx","message":"HTTP Request: POST http://load/companion/v2/enroll \"HTTP/1.1 201 Created\""}
{"timestamp":"2026-09-29T15:34:21.976485+00:00","level":"INFO","logger":"httpx","message":"HTTP Request: POST http://load/api/v1/mobile/devices \"HTTP/1.1 201 Created\""}
{"timestamp":"2026-09-29T15:34:21.979083+00:00","level":"INFO","logger":"httpx","message":"HTTP Request: POST http://load/api/v1/accounts \"HTTP/1.1 201 Created\""}
{"timestamp":"2026-09-29T15:34:21.982587+00:00","level":"INFO","logger":"httpx","message":"HTTP Request: POST http://load/api/v1/accounts/01a0edcd-7c1a-77cc-909f-5c20c66c11d2/bindings \"HTTP/1.1 201 Created\""}
{"timestamp":"2026-09-29T15:34:21.985559+00:00","level":"INFO","logger":"httpx","message":"HTTP Request: POST http://load/api/v1/mobile/enrollments \"HTTP/1.1 201 Created\""}
{"timestamp":"2026-09-29T15:34:21.989158+00:00","level":"INFO","logger":"httpx","message":"HTTP Request: POST http://load/companion/v2/enroll \"HTTP/1.1 201 Created\""}
{"timestamp":"2026-09-29T15:34:21.991373+00:00","level":"INFO","logger":"httpx","message":"HTTP Request: POST http://load/api/v1/mobile/devices \"HTTP/1.1 201 Created\""}
{"timestamp":"2026-09-29T15:34:21.993886+00:00","level":"INFO","logger":"httpx","message":"HTTP Request: POST http://load/api/v1/accounts \"HTTP/1.1 201 Created\""}
{"timestamp":"2026-09-29T15:34:21.997554+00:00","level":"INFO","logger":"httpx","message":"HTTP Request: POST http://load/api/v1/accounts/01a0edcd-7c28-7dcc-a7f1-a2a948322927/bindings \"HTTP/1.1 201 Created\""}
{"timestamp":"2026-09-29T15:34:22.000772+00:00","level":"INFO","logger":"httpx","message":"HTTP Request: POST http://load/api/v1/mobile/enrollments \"HTTP/1.1 201 Created\""}
{"timestamp":"2026-09-29T15:34:22.005090+00:00","level":"INFO","logger":"httpx","message":"HTTP Request: POST http://load/companion/v2/enroll \"HTTP/1.1 201 Created\""}
{"timestamp":"2026-09-29T15:34:22.007478+00:00","level":"INFO","logger":"httpx","message":"HTTP Request: POST http://load/api/v1/mobile/devices \"HTTP/1.1 201 Created\""}
{"timestamp":"2026-09-29T15:34:22.010134+00:00","level":"INFO","logger":"httpx","message":"HTTP Request: POST http://load/api/v1/accounts \"HTTP/1.1 201 Created\""}
{"timestamp":"2026-09-29T15:34:22.013514+00:00","level":"INFO","logger":"httpx","message":"HTTP Request: POST http://load/api/v1/accounts/01a0edcd-7c39-7746-9b6e-1368ca4d05d9/bindings \"HTTP/1.1 201 Created\""}
{"timestamp":"2026-09-29T15:34:22.015717+00:00","level":"INFO","logger":"httpx","message":"HTTP Request: POST http://load/api/v1/mobile/enrollments \"HTTP/1.1 201 Created\""}
{"timestamp":"2026-09-29T15:34:22.019206+00:00","level":"INFO","logger":"httpx","message":"HTTP Request: POST http://load/companion/v2/enroll \"HTTP/1.1 201 Created\""}
{"timestamp":"2026-09-29T15:34:22.021459+00:00","level":"INFO","logger":"httpx","message":"HTTP Request: POST http://load/api/v1/mobile/devices \"HTTP/1.1 201 Created\""}
{"timestamp":"2026-09-29T15:34:22.023961+00:00","level":"INFO","logger":"httpx","message":"HTTP Request: POST http://load/api/v1/accounts \"HTTP/1.1 201 Created\""}
{"timestamp":"2026-09-29T15:34:22.027319+00:00","level":"INFO","logger":"httpx","message":"HTTP Request: POST http://load/api/v1/accounts/01a0edcd-7c46-7119-b823-47373deadd43/bindings \"HTTP/1.1 201 Created\""}
{"timestamp":"2026-09-29T15:34:22.029624+00:00","level":"INFO","logger":"httpx","message":"HTTP Request: POST http://load/api/v1/mobile/enrollments \"HTTP/1.1 201 Created\""}
{"timestamp":"2026-09-29T15:34:22.033197+00:00","level":"INFO","logger":"httpx","message":"HTTP Request: POST http://load/companion/v2/enroll \"HTTP/1.1 201 Created\""}
{"timestamp":"2026-09-29T15:34:22.035178+00:00","level":"INFO","logger":"httpx","message":"HTTP Request: POST http://load/api/v1/mobile/devices \"HTTP/1.1 201 Created\""}
{"timestamp":"2026-09-29T15:34:22.037882+00:00","level":"INFO","logger":"httpx","message":"HTTP Request: POST http://load/api/v1/accounts \"HTTP/1.1 201 Created\""}
{"timestamp":"2026-09-29T15:34:22.041269+00:00","level":"INFO","logger":"httpx","message":"HTTP Request: POST http://load/api/v1/accounts/01a0edcd-7c54-7bfa-a9c0-7a4b139bc51c/bindings \"HTTP/1.1 201 Created\""}
{"timestamp":"2026-09-29T15:34:22.043433+00:00","level":"INFO","logger":"httpx","message":"HTTP Request: POST http://load/api/v1/mobile/enrollments \"HTTP/1.1 201 Created\""}
{"timestamp":"2026-09-29T15:34:22.047038+00:00","level":"INFO","logger":"httpx","message":"HTTP Request: POST http://load/companion/v2/enroll \"HTTP/1.1 201 Created\""}
{"timestamp":"2026-09-29T15:34:22.049041+00:00","level":"INFO","logger":"httpx","message":"HTTP Request: POST http://load/api/v1/mobile/devices \"HTTP/1.1 201 Created\""}
{"timestamp":"2026-09-29T15:34:22.051809+00:00","level":"INFO","logger":"httpx","message":"HTTP Request: POST http://load/api/v1/accounts \"HTTP/1.1 201 Created\""}
{"timestamp":"2026-09-29T15:34:22.055782+00:00","level":"INFO","logger":"httpx","message":"HTTP Request: POST http://load/api/v1/accounts/01a0edcd-7c62-7353-b7aa-0c9221c9fdb1/bindings \"HTTP/1.1 201 Created\""}
{"timestamp":"2026-09-29T15:34:22.058294+00:00","level":"INFO","logger":"httpx","message":"HTTP Request: POST http://load/api/v1/mobile/enrollments \"HTTP/1.1 201 Created\""}
{"timestamp":"2026-09-29T15:34:22.061683+00:00","level":"INFO","logger":"httpx","message":"HTTP Request: POST http://load/companion/v2/enroll \"HTTP/1.1 201 Created\""}
{"timestamp":"2026-09-29T15:34:22.063775+00:00","level":"INFO","logger":"httpx","message":"HTTP Request: POST http://load/api/v1/mobile/devices \"HTTP/1.1 201 Created\""}
{"timestamp":"2026-09-29T15:34:22.066405+00:00","level":"INFO","logger":"httpx","message":"HTTP Request: POST http://load/api/v1/accounts \"HTTP/1.1 201 Created\""}
{"timestamp":"2026-09-29T15:34:22.069975+00:00","level":"INFO","logger":"httpx","message":"HTTP Request: POST http://load/api/v1/accounts/01a0edcd-7c71-7244-8955-a8f1380ccf6f/bindings \"HTTP/1.1 201 Created\""}
{"timestamp":"2026-09-29T15:34:22.072552+00:00","level":"INFO","logger":"httpx","message":"HTTP Request: POST http://load/api/v1/mobile/enrollments \"HTTP/1.1 201 Created\""}
{"timestamp":"2026-09-29T15:34:22.076586+00:00","level":"INFO","logger":"httpx","message":"HTTP Request: POST http://load/companion/v2/enroll \"HTTP/1.1 201 Created\""}
{"timestamp":"2026-09-29T15:34:22.078794+00:00","level":"INFO","logger":"httpx","message":"HTTP Request: POST http://load/api/v1/mobile/devices \"HTTP/1.1 201 Created\""}
{"timestamp":"2026-09-29T15:34:22.081553+00:00","level":"INFO","logger":"httpx","message":"HTTP Request: POST http://load/api/v1/accounts \"HTTP/1.1 201 Created\""}
{"timestamp":"2026-09-29T15:34:22.084651+00:00","level":"INFO","logger":"httpx","message":"HTTP Request: POST http://load/api/v1/accounts/01a0edcd-7c80-7304-bc8c-4a0b23c2f48f/bindings \"HTTP/1.1 201 Created\""}
{"timestamp":"2026-09-29T15:34:22.086995+00:00","level":"INFO","logger":"httpx","message":"HTTP Request: POST http://load/api/v1/mobile/enrollments \"HTTP/1.1 201 Created\""}
{"timestamp":"2026-09-29T15:34:22.090622+00:00","level":"INFO","logger":"httpx","message":"HTTP Request: POST http://load/companion/v2/enroll \"HTTP/1.1 201 Created\""}
{"timestamp":"2026-09-29T15:34:22.092501+00:00","level":"INFO","logger":"httpx","message":"HTTP Request: POST http://load/api/v1/mobile/devices \"HTTP/1.1 201 Created\""}
{"timestamp":"2026-09-29T15:34:22.095045+00:00","level":"INFO","logger":"httpx","message":"HTTP Request: POST http://load/api/v1/accounts \"HTTP/1.1 201 Created\""}
{"timestamp":"2026-09-29T15:34:22.098204+00:00","level":"INFO","logger":"httpx","message":"HTTP Request: POST http://load/api/v1/accounts/01a0edcd-7c8d-7502-aee8-f886dee8e09b/bindings \"HTTP/1.1 201 Created\""}
{"timestamp":"2026-09-29T15:34:22.100350+00:00","level":"INFO","logger":"httpx","message":"HTTP Request: POST http://load/api/v1/mobile/enrollments \"HTTP/1.1 201 Created\""}
{"timestamp":"2026-09-29T15:34:22.104318+00:00","level":"INFO","logger":"httpx","message":"HTTP Request: POST http://load/companion/v2/enroll \"HTTP/1.1 201 Created\""}
{"timestamp":"2026-09-29T15:34:22.106431+00:00","level":"INFO","logger":"httpx","message":"HTTP Request: POST http://load/api/v1/mobile/devices \"HTTP/1.1 201 Created\""}
{"timestamp":"2026-09-29T15:34:22.109047+00:00","level":"INFO","logger":"httpx","message":"HTTP Request: POST http://load/api/v1/accounts \"HTTP/1.1 201 Created\""}
{"timestamp":"2026-09-29T15:34:22.112196+00:00","level":"INFO","logger":"httpx","message":"HTTP Request: POST http://load/api/v1/accounts/01a0edcd-7c9c-7d56-81ba-0efd8a452015/bindings \"HTTP/1.1 201 Created\""}
{"timestamp":"2026-09-29T15:34:22.114807+00:00","level":"INFO","logger":"httpx","message":"HTTP Request: POST http://load/api/v1/mobile/enrollments \"HTTP/1.1 201 Created\""}
{"timestamp":"2026-09-29T15:34:22.118559+00:00","level":"INFO","logger":"httpx","message":"HTTP Request: POST http://load/companion/v2/enroll \"HTTP/1.1 201 Created\""}
{"timestamp":"2026-09-29T15:34:22.120537+00:00","level":"INFO","logger":"httpx","message":"HTTP Request: POST http://load/api/v1/mobile/devices \"HTTP/1.1 201 Created\""}
{"timestamp":"2026-09-29T15:34:22.123088+00:00","level":"INFO","logger":"httpx","message":"HTTP Request: POST http://load/api/v1/accounts \"HTTP/1.1 201 Created\""}
{"timestamp":"2026-09-29T15:34:22.126417+00:00","level":"INFO","logger":"httpx","message":"HTTP Request: POST http://load/api/v1/accounts/01a0edcd-7caa-7d63-8470-2cd9f77b33cf/bindings \"HTTP/1.1 201 Created\""}
{"timestamp":"2026-09-29T15:34:22.128880+00:00","level":"INFO","logger":"httpx","message":"HTTP Request: POST http://load/api/v1/mobile/enrollments \"HTTP/1.1 201 Created\""}
{"timestamp":"2026-09-29T15:34:22.132397+00:00","level":"INFO","logger":"httpx","message":"HTTP Request: POST http://load/companion/v2/enroll \"HTTP/1.1 201 Created\""}
{"timestamp":"2026-09-29T15:34:22.134242+00:00","level":"INFO","logger":"httpx","message":"HTTP Request: POST http://load/api/v1/mobile/devices \"HTTP/1.1 201 Created\""}
{"timestamp":"2026-09-29T15:34:22.136610+00:00","level":"INFO","logger":"httpx","message":"HTTP Request: POST http://load/api/v1/accounts \"HTTP/1.1 201 Created\""}
{"timestamp":"2026-09-29T15:34:22.140616+00:00","level":"INFO","logger":"httpx","message":"HTTP Request: POST http://load/api/v1/accounts/01a0edcd-7cb7-7513-8be1-9f714ec4d372/bindings \"HTTP/1.1 201 Created\""}
{"timestamp":"2026-09-29T15:34:22.142848+00:00","level":"INFO","logger":"httpx","message":"HTTP Request: POST http://load/api/v1/mobile/enrollments \"HTTP/1.1 201 Created\""}
{"timestamp":"2026-09-29T15:34:22.146436+00:00","level":"INFO","logger":"httpx","message":"HTTP Request: POST http://load/companion/v2/enroll \"HTTP/1.1 201 Created\""}
{"timestamp":"2026-09-29T15:34:22.148439+00:00","level":"INFO","logger":"httpx","message":"HTTP Request: POST http://load/api/v1/mobile/devices \"HTTP/1.1 201 Created\""}
{"timestamp":"2026-09-29T15:34:22.150872+00:00","level":"INFO","logger":"httpx","message":"HTTP Request: POST http://load/api/v1/accounts \"HTTP/1.1 201 Created\""}
{"timestamp":"2026-09-29T15:34:22.153993+00:00","level":"INFO","logger":"httpx","message":"HTTP Request: POST http://load/api/v1/accounts/01a0edcd-7cc5-726f-b866-5996ae0b042c/bindings \"HTTP/1.1 201 Created\""}
{"timestamp":"2026-09-29T15:34:22.156206+00:00","level":"INFO","logger":"httpx","message":"HTTP Request: POST http://load/api/v1/mobile/enrollments \"HTTP/1.1 201 Created\""}
{"timestamp":"2026-09-29T15:34:22.159671+00:00","level":"INFO","logger":"httpx","message":"HTTP Request: POST http://load/companion/v2/enroll \"HTTP/1.1 201 Created\""}
{"timestamp":"2026-09-29T15:34:22.161750+00:00","level":"INFO","logger":"httpx","message":"HTTP Request: POST http://load/api/v1/mobile/devices \"HTTP/1.1 201 Created\""}
{"timestamp":"2026-09-29T15:34:22.164478+00:00","level":"INFO","logger":"httpx","message":"HTTP Request: POST http://load/api/v1/accounts \"HTTP/1.1 201 Created\""}
{"timestamp":"2026-09-29T15:34:22.167834+00:00","level":"INFO","logger":"httpx","message":"HTTP Request: POST http://load/api/v1/accounts/01a0edcd-7cd3-7bb3-8f94-982efcf20834/bindings \"HTTP/1.1 201 Created\""}
{"timestamp":"2026-09-29T15:34:22.170194+00:00","level":"INFO","logger":"httpx","message":"HTTP Request: POST http://load/api/v1/mobile/enrollments \"HTTP/1.1 201 Created\""}
{"timestamp":"2026-09-29T15:34:22.174232+00:00","level":"INFO","logger":"httpx","message":"HTTP Request: POST http://load/companion/v2/enroll \"HTTP/1.1 201 Created\""}
{"timestamp":"2026-09-29T15:34:22.176339+00:00","level":"INFO","logger":"httpx","message":"HTTP Request: POST http://load/api/v1/mobile/devices \"HTTP/1.1 201 Created\""}
{"timestamp":"2026-09-29T15:34:22.179487+00:00","level":"INFO","logger":"httpx","message":"HTTP Request: POST http://load/api/v1/accounts \"HTTP/1.1 201 Created\""}
{"timestamp":"2026-09-29T15:34:22.182726+00:00","level":"INFO","logger":"httpx","message":"HTTP Request: POST http://load/api/v1/accounts/01a0edcd-7ce2-7bc4-abfb-cab5222bf6cd/bindings \"HTTP/1.1 201 Created\""}
{"timestamp":"2026-09-29T15:34:22.184917+00:00","level":"INFO","logger":"httpx","message":"HTTP Request: POST http://load/api/v1/mobile/enrollments \"HTTP/1.1 201 Created\""}
{"timestamp":"2026-09-29T15:34:22.188618+00:00","level":"INFO","logger":"httpx","message":"HTTP Request: POST http://load/companion/v2/enroll \"HTTP/1.1 201 Created\""}
{"timestamp":"2026-09-29T15:34:22.191031+00:00","level":"INFO","logger":"httpx","message":"HTTP Request: POST http://load/api/v1/mobile/devices \"HTTP/1.1 201 Created\""}
{"timestamp":"2026-09-29T15:34:22.193546+00:00","level":"INFO","logger":"httpx","message":"HTTP Request: POST http://load/api/v1/accounts \"HTTP/1.1 201 Created\""}
{"timestamp":"2026-09-29T15:34:22.197011+00:00","level":"INFO","logger":"httpx","message":"HTTP Request: POST http://load/api/v1/accounts/01a0edcd-7cf0-7f4a-9069-e2d7ffa0c413/bindings \"HTTP/1.1 201 Created\""}
{"timestamp":"2026-09-29T15:34:22.199244+00:00","level":"INFO","logger":"httpx","message":"HTTP Request: POST http://load/api/v1/mobile/enrollments \"HTTP/1.1 201 Created\""}
{"timestamp":"2026-09-29T15:34:22.202497+00:00","level":"INFO","logger":"httpx","message":"HTTP Request: POST http://load/companion/v2/enroll \"HTTP/1.1 201 Created\""}
{"timestamp":"2026-09-29T15:34:22.204615+00:00","level":"INFO","logger":"httpx","message":"HTTP Request: POST http://load/api/v1/mobile/devices \"HTTP/1.1 201 Created\""}
{"timestamp":"2026-09-29T15:34:22.207150+00:00","level":"INFO","logger":"httpx","message":"HTTP Request: POST http://load/api/v1/accounts \"HTTP/1.1 201 Created\""}
{"timestamp":"2026-09-29T15:34:22.210231+00:00","level":"INFO","logger":"httpx","message":"HTTP Request: POST http://load/api/v1/accounts/01a0edcd-7cfe-72ea-b13a-272a87b9830b/bindings \"HTTP/1.1 201 Created\""}
{"timestamp":"2026-09-29T15:34:22.212325+00:00","level":"INFO","logger":"httpx","message":"HTTP Request: POST http://load/api/v1/mobile/enrollments \"HTTP/1.1 201 Created\""}
{"timestamp":"2026-09-29T15:34:22.215957+00:00","level":"INFO","logger":"httpx","message":"HTTP Request: POST http://load/companion/v2/enroll \"HTTP/1.1 201 Created\""}
{"timestamp":"2026-09-29T15:34:22.217735+00:00","level":"INFO","logger":"httpx","message":"HTTP Request: POST http://load/api/v1/mobile/devices \"HTTP/1.1 201 Created\""}
{"timestamp":"2026-09-29T15:34:22.220140+00:00","level":"INFO","logger":"httpx","message":"HTTP Request: POST http://load/api/v1/accounts \"HTTP/1.1 201 Created\""}
{"timestamp":"2026-09-29T15:34:22.223426+00:00","level":"INFO","logger":"httpx","message":"HTTP Request: POST http://load/api/v1/accounts/01a0edcd-7d0b-7bff-ac0a-777f7e6ea86f/bindings \"HTTP/1.1 201 Created\""}
{"timestamp":"2026-09-29T15:34:22.225780+00:00","level":"INFO","logger":"httpx","message":"HTTP Request: POST http://load/api/v1/mobile/enrollments \"HTTP/1.1 201 Created\""}
{"timestamp":"2026-09-29T15:34:22.229220+00:00","level":"INFO","logger":"httpx","message":"HTTP Request: POST http://load/companion/v2/enroll \"HTTP/1.1 201 Created\""}
{"timestamp":"2026-09-29T15:34:22.231141+00:00","level":"INFO","logger":"httpx","message":"HTTP Request: POST http://load/api/v1/mobile/devices \"HTTP/1.1 201 Created\""}
{"timestamp":"2026-09-29T15:34:22.233380+00:00","level":"INFO","logger":"httpx","message":"HTTP Request: POST http://load/api/v1/accounts \"HTTP/1.1 201 Created\""}
{"timestamp":"2026-09-29T15:34:22.236323+00:00","level":"INFO","logger":"httpx","message":"HTTP Request: POST http://load/api/v1/accounts/01a0edcd-7d18-73ac-85ab-3518afa8bb9d/bindings \"HTTP/1.1 201 Created\""}
{"timestamp":"2026-09-29T15:34:22.238433+00:00","level":"INFO","logger":"httpx","message":"HTTP Request: POST http://load/api/v1/mobile/enrollments \"HTTP/1.1 201 Created\""}
{"timestamp":"2026-09-29T15:34:22.241586+00:00","level":"INFO","logger":"httpx","message":"HTTP Request: POST http://load/companion/v2/enroll \"HTTP/1.1 201 Created\""}
{"timestamp":"2026-09-29T15:34:22.243502+00:00","level":"INFO","logger":"httpx","message":"HTTP Request: POST http://load/api/v1/mobile/devices \"HTTP/1.1 201 Created\""}
{"timestamp":"2026-09-29T15:34:22.245737+00:00","level":"INFO","logger":"httpx","message":"HTTP Request: POST http://load/api/v1/accounts \"HTTP/1.1 201 Created\""}
{"timestamp":"2026-09-29T15:34:22.249362+00:00","level":"INFO","logger":"httpx","message":"HTTP Request: POST http://load/api/v1/accounts/01a0edcd-7d24-7a5d-8d23-0e95a4f9742a/bindings \"HTTP/1.1 201 Created\""}
{"timestamp":"2026-09-29T15:34:22.251758+00:00","level":"INFO","logger":"httpx","message":"HTTP Request: POST http://load/api/v1/mobile/enrollments \"HTTP/1.1 201 Created\""}
{"timestamp":"2026-09-29T15:34:22.255330+00:00","level":"INFO","logger":"httpx","message":"HTTP Request: POST http://load/companion/v2/enroll \"HTTP/1.1 201 Created\""}
{"timestamp":"2026-09-29T15:34:22.257558+00:00","level":"INFO","logger":"httpx","message":"HTTP Request: POST http://load/api/v1/mobile/devices \"HTTP/1.1 201 Created\""}
{"timestamp":"2026-09-29T15:34:22.259863+00:00","level":"INFO","logger":"httpx","message":"HTTP Request: POST http://load/api/v1/accounts \"HTTP/1.1 201 Created\""}
{"timestamp":"2026-09-29T15:34:22.263230+00:00","level":"INFO","logger":"httpx","message":"HTTP Request: POST http://load/api/v1/accounts/01a0edcd-7d32-773d-b8ba-3d06e21cca95/bindings \"HTTP/1.1 201 Created\""}
{"timestamp":"2026-09-29T15:34:22.265705+00:00","level":"INFO","logger":"httpx","message":"HTTP Request: POST http://load/api/v1/mobile/enrollments \"HTTP/1.1 201 Created\""}
{"timestamp":"2026-09-29T15:34:22.269148+00:00","level":"INFO","logger":"httpx","message":"HTTP Request: POST http://load/companion/v2/enroll \"HTTP/1.1 201 Created\""}
{"timestamp":"2026-09-29T15:34:22.271155+00:00","level":"INFO","logger":"httpx","message":"HTTP Request: POST http://load/api/v1/mobile/devices \"HTTP/1.1 201 Created\""}
{"timestamp":"2026-09-29T15:34:22.274214+00:00","level":"INFO","logger":"httpx","message":"HTTP Request: POST http://load/api/v1/accounts \"HTTP/1.1 201 Created\""}
{"timestamp":"2026-09-29T15:34:22.277570+00:00","level":"INFO","logger":"httpx","message":"HTTP Request: POST http://load/api/v1/accounts/01a0edcd-7d40-71f9-83b7-42f149c5b6be/bindings \"HTTP/1.1 201 Created\""}
{"timestamp":"2026-09-29T15:34:22.280445+00:00","level":"INFO","logger":"httpx","message":"HTTP Request: POST http://load/api/v1/mobile/enrollments \"HTTP/1.1 201 Created\""}
{"timestamp":"2026-09-29T15:34:22.284007+00:00","level":"INFO","logger":"httpx","message":"HTTP Request: POST http://load/companion/v2/enroll \"HTTP/1.1 201 Created\""}
{"timestamp":"2026-09-29T15:34:22.286221+00:00","level":"INFO","logger":"httpx","message":"HTTP Request: POST http://load/api/v1/mobile/devices \"HTTP/1.1 201 Created\""}
{"timestamp":"2026-09-29T15:34:22.289146+00:00","level":"INFO","logger":"httpx","message":"HTTP Request: POST http://load/api/v1/accounts \"HTTP/1.1 201 Created\""}
{"timestamp":"2026-09-29T15:34:22.292395+00:00","level":"INFO","logger":"httpx","message":"HTTP Request: POST http://load/api/v1/accounts/01a0edcd-7d50-72af-8ca2-f7ebd8abfa21/bindings \"HTTP/1.1 201 Created\""}
{"timestamp":"2026-09-29T15:34:22.294694+00:00","level":"INFO","logger":"httpx","message":"HTTP Request: POST http://load/api/v1/mobile/enrollments \"HTTP/1.1 201 Created\""}
{"timestamp":"2026-09-29T15:34:22.298349+00:00","level":"INFO","logger":"httpx","message":"HTTP Request: POST http://load/companion/v2/enroll \"HTTP/1.1 201 Created\""}
{"timestamp":"2026-09-29T15:34:22.300244+00:00","level":"INFO","logger":"httpx","message":"HTTP Request: POST http://load/api/v1/mobile/devices \"HTTP/1.1 201 Created\""}
{"timestamp":"2026-09-29T15:34:22.302791+00:00","level":"INFO","logger":"httpx","message":"HTTP Request: POST http://load/api/v1/accounts \"HTTP/1.1 201 Created\""}
{"timestamp":"2026-09-29T15:34:22.306333+00:00","level":"INFO","logger":"httpx","message":"HTTP Request: POST http://load/api/v1/accounts/01a0edcd-7d5d-7439-83be-e82b17ec4ed3/bindings \"HTTP/1.1 201 Created\""}
{"timestamp":"2026-09-29T15:34:22.308845+00:00","level":"INFO","logger":"httpx","message":"HTTP Request: POST http://load/api/v1/mobile/enrollments \"HTTP/1.1 201 Created\""}
{"timestamp":"2026-09-29T15:34:22.312726+00:00","level":"INFO","logger":"httpx","message":"HTTP Request: POST http://load/companion/v2/enroll \"HTTP/1.1 201 Created\""}
{"timestamp":"2026-09-29T15:34:22.314785+00:00","level":"INFO","logger":"httpx","message":"HTTP Request: POST http://load/api/v1/mobile/devices \"HTTP/1.1 201 Created\""}
{"timestamp":"2026-09-29T15:34:22.317040+00:00","level":"INFO","logger":"httpx","message":"HTTP Request: POST http://load/api/v1/accounts \"HTTP/1.1 201 Created\""}
{"timestamp":"2026-09-29T15:34:22.320066+00:00","level":"INFO","logger":"httpx","message":"HTTP Request: POST http://load/api/v1/accounts/01a0edcd-7d6c-72fe-b232-846312b1f6ee/bindings \"HTTP/1.1 201 Created\""}
{"timestamp":"2026-09-29T15:34:22.322534+00:00","level":"INFO","logger":"httpx","message":"HTTP Request: POST http://load/api/v1/mobile/enrollments \"HTTP/1.1 201 Created\""}
{"timestamp":"2026-09-29T15:34:22.326969+00:00","level":"INFO","logger":"httpx","message":"HTTP Request: POST http://load/companion/v2/enroll \"HTTP/1.1 201 Created\""}
{"timestamp":"2026-09-29T15:34:22.329144+00:00","level":"INFO","logger":"httpx","message":"HTTP Request: POST http://load/api/v1/mobile/devices \"HTTP/1.1 201 Created\""}
{"timestamp":"2026-09-29T15:34:22.331648+00:00","level":"INFO","logger":"httpx","message":"HTTP Request: POST http://load/api/v1/accounts \"HTTP/1.1 201 Created\""}
{"timestamp":"2026-09-29T15:34:22.334508+00:00","level":"INFO","logger":"httpx","message":"HTTP Request: POST http://load/api/v1/accounts/01a0edcd-7d7a-7653-8c3e-3a0909d7b875/bindings \"HTTP/1.1 201 Created\""}
{"timestamp":"2026-09-29T15:34:22.336681+00:00","level":"INFO","logger":"httpx","message":"HTTP Request: POST http://load/api/v1/mobile/enrollments \"HTTP/1.1 201 Created\""}
{"timestamp":"2026-09-29T15:34:22.340281+00:00","level":"INFO","logger":"httpx","message":"HTTP Request: POST http://load/companion/v2/enroll \"HTTP/1.1 201 Created\""}
{"timestamp":"2026-09-29T15:34:22.342276+00:00","level":"INFO","logger":"httpx","message":"HTTP Request: POST http://load/api/v1/mobile/devices \"HTTP/1.1 201 Created\""}
{"timestamp":"2026-09-29T15:34:22.344684+00:00","level":"INFO","logger":"httpx","message":"HTTP Request: POST http://load/api/v1/accounts \"HTTP/1.1 201 Created\""}
{"timestamp":"2026-09-29T15:34:22.348010+00:00","level":"INFO","logger":"httpx","message":"HTTP Request: POST http://load/api/v1/accounts/01a0edcd-7d87-791b-b0d6-2ec926fd6d72/bindings \"HTTP/1.1 201 Created\""}
{"timestamp":"2026-09-29T15:34:22.350205+00:00","level":"INFO","logger":"httpx","message":"HTTP Request: POST http://load/api/v1/mobile/enrollments \"HTTP/1.1 201 Created\""}
{"timestamp":"2026-09-29T15:34:22.354391+00:00","level":"INFO","logger":"httpx","message":"HTTP Request: POST http://load/companion/v2/enroll \"HTTP/1.1 201 Created\""}
{"timestamp":"2026-09-29T15:34:22.357017+00:00","level":"INFO","logger":"httpx","message":"HTTP Request: POST http://load/api/v1/mobile/devices \"HTTP/1.1 201 Created\""}
{"timestamp":"2026-09-29T15:34:22.359546+00:00","level":"INFO","logger":"httpx","message":"HTTP Request: POST http://load/api/v1/accounts \"HTTP/1.1 201 Created\""}
{"timestamp":"2026-09-29T15:34:22.362939+00:00","level":"INFO","logger":"httpx","message":"HTTP Request: POST http://load/api/v1/accounts/01a0edcd-7d96-730d-901b-a8fbae13baef/bindings \"HTTP/1.1 201 Created\""}
{"timestamp":"2026-09-29T15:34:22.365990+00:00","level":"INFO","logger":"httpx","message":"HTTP Request: POST http://load/api/v1/mobile/enrollments \"HTTP/1.1 201 Created\""}
{"timestamp":"2026-09-29T15:34:22.369494+00:00","level":"INFO","logger":"httpx","message":"HTTP Request: POST http://load/companion/v2/enroll \"HTTP/1.1 201 Created\""}
{"timestamp":"2026-09-29T15:34:22.371639+00:00","level":"INFO","logger":"httpx","message":"HTTP Request: POST http://load/api/v1/mobile/devices \"HTTP/1.1 201 Created\""}
{"timestamp":"2026-09-29T15:34:22.374086+00:00","level":"INFO","logger":"httpx","message":"HTTP Request: POST http://load/api/v1/accounts \"HTTP/1.1 201 Created\""}
{"timestamp":"2026-09-29T15:34:22.376946+00:00","level":"INFO","logger":"httpx","message":"HTTP Request: POST http://load/api/v1/accounts/01a0edcd-7da5-7c99-b1bf-8af571783084/bindings \"HTTP/1.1 201 Created\""}
{"timestamp":"2026-09-29T15:34:22.379081+00:00","level":"INFO","logger":"httpx","message":"HTTP Request: POST http://load/api/v1/mobile/enrollments \"HTTP/1.1 201 Created\""}
{"timestamp":"2026-09-29T15:34:22.382716+00:00","level":"INFO","logger":"httpx","message":"HTTP Request: POST http://load/companion/v2/enroll \"HTTP/1.1 201 Created\""}
{"timestamp":"2026-09-29T15:34:22.384651+00:00","level":"INFO","logger":"httpx","message":"HTTP Request: POST http://load/api/v1/mobile/devices \"HTTP/1.1 201 Created\""}
{"timestamp":"2026-09-29T15:34:22.387357+00:00","level":"INFO","logger":"httpx","message":"HTTP Request: POST http://load/api/v1/accounts \"HTTP/1.1 201 Created\""}
{"timestamp":"2026-09-29T15:34:22.390232+00:00","level":"INFO","logger":"httpx","message":"HTTP Request: POST http://load/api/v1/accounts/01a0edcd-7db2-74f8-a7e9-6d5073fa8cb6/bindings \"HTTP/1.1 201 Created\""}
{"timestamp":"2026-09-29T15:34:22.392436+00:00","level":"INFO","logger":"httpx","message":"HTTP Request: POST http://load/api/v1/mobile/enrollments \"HTTP/1.1 201 Created\""}
{"timestamp":"2026-09-29T15:34:22.395898+00:00","level":"INFO","logger":"httpx","message":"HTTP Request: POST http://load/companion/v2/enroll \"HTTP/1.1 201 Created\""}
{"timestamp":"2026-09-29T15:34:22.397717+00:00","level":"INFO","logger":"httpx","message":"HTTP Request: POST http://load/api/v1/mobile/devices \"HTTP/1.1 201 Created\""}
{"timestamp":"2026-09-29T15:34:22.399946+00:00","level":"INFO","logger":"httpx","message":"HTTP Request: POST http://load/api/v1/accounts \"HTTP/1.1 201 Created\""}
{"timestamp":"2026-09-29T15:34:22.403398+00:00","level":"INFO","logger":"httpx","message":"HTTP Request: POST http://load/api/v1/accounts/01a0edcd-7dbf-7a31-95c9-abe28e7594cc/bindings \"HTTP/1.1 201 Created\""}
{"timestamp":"2026-09-29T15:34:22.405811+00:00","level":"INFO","logger":"httpx","message":"HTTP Request: POST http://load/api/v1/mobile/enrollments \"HTTP/1.1 201 Created\""}
{"timestamp":"2026-09-29T15:34:22.409521+00:00","level":"INFO","logger":"httpx","message":"HTTP Request: POST http://load/companion/v2/enroll \"HTTP/1.1 201 Created\""}
{"timestamp":"2026-09-29T15:34:22.411435+00:00","level":"INFO","logger":"httpx","message":"HTTP Request: POST http://load/api/v1/mobile/devices \"HTTP/1.1 201 Created\""}
{"timestamp":"2026-09-29T15:34:22.413832+00:00","level":"INFO","logger":"httpx","message":"HTTP Request: POST http://load/api/v1/accounts \"HTTP/1.1 201 Created\""}
{"timestamp":"2026-09-29T15:34:22.416689+00:00","level":"INFO","logger":"httpx","message":"HTTP Request: POST http://load/api/v1/accounts/01a0edcd-7dcc-7199-a130-04bb8e4ff274/bindings \"HTTP/1.1 201 Created\""}
{"timestamp":"2026-09-29T15:34:22.418769+00:00","level":"INFO","logger":"httpx","message":"HTTP Request: POST http://load/api/v1/mobile/enrollments \"HTTP/1.1 201 Created\""}
{"timestamp":"2026-09-29T15:34:22.421908+00:00","level":"INFO","logger":"httpx","message":"HTTP Request: POST http://load/companion/v2/enroll \"HTTP/1.1 201 Created\""}
{"timestamp":"2026-09-29T15:34:22.423875+00:00","level":"INFO","logger":"httpx","message":"HTTP Request: POST http://load/api/v1/mobile/devices \"HTTP/1.1 201 Created\""}
{"timestamp":"2026-09-29T15:34:22.426044+00:00","level":"INFO","logger":"httpx","message":"HTTP Request: POST http://load/api/v1/accounts \"HTTP/1.1 201 Created\""}
{"timestamp":"2026-09-29T15:34:22.429279+00:00","level":"INFO","logger":"httpx","message":"HTTP Request: POST http://load/api/v1/accounts/01a0edcd-7dd9-7aa4-9a58-77b1caa54b1d/bindings \"HTTP/1.1 201 Created\""}
{"timestamp":"2026-09-29T15:34:22.431725+00:00","level":"INFO","logger":"httpx","message":"HTTP Request: POST http://load/api/v1/mobile/enrollments \"HTTP/1.1 201 Created\""}
{"timestamp":"2026-09-29T15:34:22.434979+00:00","level":"INFO","logger":"httpx","message":"HTTP Request: POST http://load/companion/v2/enroll \"HTTP/1.1 201 Created\""}
{"timestamp":"2026-09-29T15:34:22.436869+00:00","level":"INFO","logger":"httpx","message":"HTTP Request: POST http://load/api/v1/mobile/devices \"HTTP/1.1 201 Created\""}
{"timestamp":"2026-09-29T15:34:22.440162+00:00","level":"INFO","logger":"httpx","message":"HTTP Request: POST http://load/api/v1/accounts \"HTTP/1.1 201 Created\""}
{"timestamp":"2026-09-29T15:34:22.443845+00:00","level":"INFO","logger":"httpx","message":"HTTP Request: POST http://load/api/v1/accounts/01a0edcd-7de6-7295-9f78-6aa55b241f17/bindings \"HTTP/1.1 201 Created\""}
{"timestamp":"2026-09-29T15:34:22.446229+00:00","level":"INFO","logger":"httpx","message":"HTTP Request: POST http://load/api/v1/mobile/enrollments \"HTTP/1.1 201 Created\""}
{"timestamp":"2026-09-29T15:34:22.449532+00:00","level":"INFO","logger":"httpx","message":"HTTP Request: POST http://load/companion/v2/enroll \"HTTP/1.1 201 Created\""}
{"timestamp":"2026-09-29T15:34:22.451407+00:00","level":"INFO","logger":"httpx","message":"HTTP Request: POST http://load/api/v1/mobile/devices \"HTTP/1.1 201 Created\""}
{"timestamp":"2026-09-29T15:34:22.453975+00:00","level":"INFO","logger":"httpx","message":"HTTP Request: POST http://load/api/v1/accounts \"HTTP/1.1 201 Created\""}
{"timestamp":"2026-09-29T15:34:22.457320+00:00","level":"INFO","logger":"httpx","message":"HTTP Request: POST http://load/api/v1/accounts/01a0edcd-7df4-7313-a2e5-39c5d78109e0/bindings \"HTTP/1.1 201 Created\""}
{"timestamp":"2026-09-29T15:34:22.459383+00:00","level":"INFO","logger":"httpx","message":"HTTP Request: POST http://load/api/v1/mobile/enrollments \"HTTP/1.1 201 Created\""}
{"timestamp":"2026-09-29T15:34:22.463050+00:00","level":"INFO","logger":"httpx","message":"HTTP Request: POST http://load/companion/v2/enroll \"HTTP/1.1 201 Created\""}
{"timestamp":"2026-09-29T15:34:22.465508+00:00","level":"INFO","logger":"httpx","message":"HTTP Request: POST http://load/api/v1/mobile/devices \"HTTP/1.1 201 Created\""}
{"timestamp":"2026-09-29T15:34:22.467935+00:00","level":"INFO","logger":"httpx","message":"HTTP Request: POST http://load/api/v1/accounts \"HTTP/1.1 201 Created\""}
{"timestamp":"2026-09-29T15:34:22.471092+00:00","level":"INFO","logger":"httpx","message":"HTTP Request: POST http://load/api/v1/accounts/01a0edcd-7e02-78f7-9c57-b19592384d54/bindings \"HTTP/1.1 201 Created\""}
{"timestamp":"2026-09-29T15:34:22.473437+00:00","level":"INFO","logger":"httpx","message":"HTTP Request: POST http://load/api/v1/mobile/enrollments \"HTTP/1.1 201 Created\""}
{"timestamp":"2026-09-29T15:34:22.477126+00:00","level":"INFO","logger":"httpx","message":"HTTP Request: POST http://load/companion/v2/enroll \"HTTP/1.1 201 Created\""}
{"timestamp":"2026-09-29T15:34:22.479184+00:00","level":"INFO","logger":"httpx","message":"HTTP Request: POST http://load/api/v1/mobile/devices \"HTTP/1.1 201 Created\""}
{"timestamp":"2026-09-29T15:34:22.481631+00:00","level":"INFO","logger":"httpx","message":"HTTP Request: POST http://load/api/v1/accounts \"HTTP/1.1 201 Created\""}
{"timestamp":"2026-09-29T15:34:22.484614+00:00","level":"INFO","logger":"httpx","message":"HTTP Request: POST http://load/api/v1/accounts/01a0edcd-7e10-7df2-9540-c9bcae21b2c6/bindings \"HTTP/1.1 201 Created\""}
{"timestamp":"2026-09-29T15:34:22.486900+00:00","level":"INFO","logger":"httpx","message":"HTTP Request: POST http://load/api/v1/mobile/enrollments \"HTTP/1.1 201 Created\""}
{"timestamp":"2026-09-29T15:34:22.490881+00:00","level":"INFO","logger":"httpx","message":"HTTP Request: POST http://load/companion/v2/enroll \"HTTP/1.1 201 Created\""}
{"timestamp":"2026-09-29T15:34:22.493056+00:00","level":"INFO","logger":"httpx","message":"HTTP Request: POST http://load/api/v1/mobile/devices \"HTTP/1.1 201 Created\""}
{"timestamp":"2026-09-29T15:34:22.495579+00:00","level":"INFO","logger":"httpx","message":"HTTP Request: POST http://load/api/v1/accounts \"HTTP/1.1 201 Created\""}
{"timestamp":"2026-09-29T15:34:22.498901+00:00","level":"INFO","logger":"httpx","message":"HTTP Request: POST http://load/api/v1/accounts/01a0edcd-7e1e-7e3a-8996-f7f368471294/bindings \"HTTP/1.1 201 Created\""}
{"timestamp":"2026-09-29T15:34:22.501122+00:00","level":"INFO","logger":"httpx","message":"HTTP Request: POST http://load/api/v1/mobile/enrollments \"HTTP/1.1 201 Created\""}
{"timestamp":"2026-09-29T15:34:22.504690+00:00","level":"INFO","logger":"httpx","message":"HTTP Request: POST http://load/companion/v2/enroll \"HTTP/1.1 201 Created\""}
{"timestamp":"2026-09-29T15:34:22.506731+00:00","level":"INFO","logger":"httpx","message":"HTTP Request: POST http://load/api/v1/mobile/devices \"HTTP/1.1 201 Created\""}
{"timestamp":"2026-09-29T15:34:22.509179+00:00","level":"INFO","logger":"httpx","message":"HTTP Request: POST http://load/api/v1/accounts \"HTTP/1.1 201 Created\""}
{"timestamp":"2026-09-29T15:34:22.512347+00:00","level":"INFO","logger":"httpx","message":"HTTP Request: POST http://load/api/v1/accounts/01a0edcd-7e2c-7383-91f0-b007d54b846d/bindings \"HTTP/1.1 201 Created\""}
{"timestamp":"2026-09-29T15:34:22.514919+00:00","level":"INFO","logger":"httpx","message":"HTTP Request: POST http://load/api/v1/mobile/enrollments \"HTTP/1.1 201 Created\""}
{"timestamp":"2026-09-29T15:34:22.518252+00:00","level":"INFO","logger":"httpx","message":"HTTP Request: POST http://load/companion/v2/enroll \"HTTP/1.1 201 Created\""}
{"timestamp":"2026-09-29T15:34:22.520216+00:00","level":"INFO","logger":"httpx","message":"HTTP Request: POST http://load/api/v1/mobile/devices \"HTTP/1.1 201 Created\""}
{"timestamp":"2026-09-29T15:34:22.523078+00:00","level":"INFO","logger":"httpx","message":"HTTP Request: POST http://load/api/v1/accounts \"HTTP/1.1 201 Created\""}
{"timestamp":"2026-09-29T15:34:22.526464+00:00","level":"INFO","logger":"httpx","message":"HTTP Request: POST http://load/api/v1/accounts/01a0edcd-7e39-7c4f-aac6-4adae16179e0/bindings \"HTTP/1.1 201 Created\""}
{"timestamp":"2026-09-29T15:34:22.528990+00:00","level":"INFO","logger":"httpx","message":"HTTP Request: POST http://load/api/v1/mobile/enrollments \"HTTP/1.1 201 Created\""}
{"timestamp":"2026-09-29T15:34:22.532553+00:00","level":"INFO","logger":"httpx","message":"HTTP Request: POST http://load/companion/v2/enroll \"HTTP/1.1 201 Created\""}
{"timestamp":"2026-09-29T15:34:22.534854+00:00","level":"INFO","logger":"httpx","message":"HTTP Request: POST http://load/api/v1/mobile/devices \"HTTP/1.1 201 Created\""}
{"timestamp":"2026-09-29T15:34:22.537569+00:00","level":"INFO","logger":"httpx","message":"HTTP Request: POST http://load/api/v1/accounts \"HTTP/1.1 201 Created\""}
{"timestamp":"2026-09-29T15:34:22.540919+00:00","level":"INFO","logger":"httpx","message":"HTTP Request: POST http://load/api/v1/accounts/01a0edcd-7e48-7492-8d06-cbd4264693cc/bindings \"HTTP/1.1 201 Created\""}
{"timestamp":"2026-09-29T15:34:22.543237+00:00","level":"INFO","logger":"httpx","message":"HTTP Request: POST http://load/api/v1/mobile/enrollments \"HTTP/1.1 201 Created\""}
{"timestamp":"2026-09-29T15:34:22.546778+00:00","level":"INFO","logger":"httpx","message":"HTTP Request: POST http://load/companion/v2/enroll \"HTTP/1.1 201 Created\""}
{"timestamp":"2026-09-29T15:34:22.548669+00:00","level":"INFO","logger":"httpx","message":"HTTP Request: POST http://load/api/v1/mobile/devices \"HTTP/1.1 201 Created\""}
{"timestamp":"2026-09-29T15:34:22.551203+00:00","level":"INFO","logger":"httpx","message":"HTTP Request: POST http://load/api/v1/accounts \"HTTP/1.1 201 Created\""}
{"timestamp":"2026-09-29T15:34:22.555055+00:00","level":"INFO","logger":"httpx","message":"HTTP Request: POST http://load/api/v1/accounts/01a0edcd-7e56-7387-a34c-58fd878cef63/bindings \"HTTP/1.1 201 Created\""}
{"timestamp":"2026-09-29T15:34:22.557895+00:00","level":"INFO","logger":"httpx","message":"HTTP Request: POST http://load/api/v1/mobile/enrollments \"HTTP/1.1 201 Created\""}
{"timestamp":"2026-09-29T15:34:22.561572+00:00","level":"INFO","logger":"httpx","message":"HTTP Request: POST http://load/companion/v2/enroll \"HTTP/1.1 201 Created\""}
{"timestamp":"2026-09-29T15:34:22.563810+00:00","level":"INFO","logger":"httpx","message":"HTTP Request: POST http://load/api/v1/mobile/devices \"HTTP/1.1 201 Created\""}
{"timestamp":"2026-09-29T15:34:22.566283+00:00","level":"INFO","logger":"httpx","message":"HTTP Request: POST http://load/api/v1/accounts \"HTTP/1.1 201 Created\""}
{"timestamp":"2026-09-29T15:34:22.569430+00:00","level":"INFO","logger":"httpx","message":"HTTP Request: POST http://load/api/v1/accounts/01a0edcd-7e65-7700-95f0-06d0d53b6a88/bindings \"HTTP/1.1 201 Created\""}
{"timestamp":"2026-09-29T15:34:22.571690+00:00","level":"INFO","logger":"httpx","message":"HTTP Request: POST http://load/api/v1/mobile/enrollments \"HTTP/1.1 201 Created\""}
{"timestamp":"2026-09-29T15:34:22.575004+00:00","level":"INFO","logger":"httpx","message":"HTTP Request: POST http://load/companion/v2/enroll \"HTTP/1.1 201 Created\""}
{"timestamp":"2026-09-29T15:34:22.577066+00:00","level":"INFO","logger":"httpx","message":"HTTP Request: POST http://load/api/v1/mobile/devices \"HTTP/1.1 201 Created\""}
{"timestamp":"2026-09-29T15:34:22.579512+00:00","level":"INFO","logger":"httpx","message":"HTTP Request: POST http://load/api/v1/accounts \"HTTP/1.1 201 Created\""}
{"timestamp":"2026-09-29T15:34:22.582510+00:00","level":"INFO","logger":"httpx","message":"HTTP Request: POST http://load/api/v1/accounts/01a0edcd-7e72-7fa6-ae5a-23a94510fcf5/bindings \"HTTP/1.1 201 Created\""}
{"timestamp":"2026-09-29T15:34:22.584625+00:00","level":"INFO","logger":"httpx","message":"HTTP Request: POST http://load/api/v1/mobile/enrollments \"HTTP/1.1 201 Created\""}
{"timestamp":"2026-09-29T15:34:22.587900+00:00","level":"INFO","logger":"httpx","message":"HTTP Request: POST http://load/companion/v2/enroll \"HTTP/1.1 201 Created\""}
{"timestamp":"2026-09-29T15:34:22.589909+00:00","level":"INFO","logger":"httpx","message":"HTTP Request: POST http://load/api/v1/mobile/devices \"HTTP/1.1 201 Created\""}
{"timestamp":"2026-09-29T15:34:22.592639+00:00","level":"INFO","logger":"httpx","message":"HTTP Request: POST http://load/api/v1/accounts \"HTTP/1.1 201 Created\""}
{"timestamp":"2026-09-29T15:34:22.595747+00:00","level":"INFO","logger":"httpx","message":"HTTP Request: POST http://load/api/v1/accounts/01a0edcd-7e7f-779f-9cfe-b85df956cd98/bindings \"HTTP/1.1 201 Created\""}
{"timestamp":"2026-09-29T15:34:22.597800+00:00","level":"INFO","logger":"httpx","message":"HTTP Request: POST http://load/api/v1/mobile/enrollments \"HTTP/1.1 201 Created\""}
{"timestamp":"2026-09-29T15:34:22.600920+00:00","level":"INFO","logger":"httpx","message":"HTTP Request: POST http://load/companion/v2/enroll \"HTTP/1.1 201 Created\""}
{"timestamp":"2026-09-29T15:34:22.602671+00:00","level":"INFO","logger":"httpx","message":"HTTP Request: POST http://load/api/v1/mobile/devices \"HTTP/1.1 201 Created\""}
{"timestamp":"2026-09-29T15:34:22.605269+00:00","level":"INFO","logger":"httpx","message":"HTTP Request: POST http://load/api/v1/accounts \"HTTP/1.1 201 Created\""}
{"timestamp":"2026-09-29T15:34:22.609028+00:00","level":"INFO","logger":"httpx","message":"HTTP Request: POST http://load/api/v1/accounts/01a0edcd-7e8c-734b-bbeb-266f59f86616/bindings \"HTTP/1.1 201 Created\""}
{"timestamp":"2026-09-29T15:34:22.611317+00:00","level":"INFO","logger":"httpx","message":"HTTP Request: POST http://load/api/v1/mobile/enrollments \"HTTP/1.1 201 Created\""}
{"timestamp":"2026-09-29T15:34:22.614832+00:00","level":"INFO","logger":"httpx","message":"HTTP Request: POST http://load/companion/v2/enroll \"HTTP/1.1 201 Created\""}
{"timestamp":"2026-09-29T15:34:22.616743+00:00","level":"INFO","logger":"httpx","message":"HTTP Request: POST http://load/api/v1/mobile/devices \"HTTP/1.1 201 Created\""}
{"timestamp":"2026-09-29T15:34:22.619166+00:00","level":"INFO","logger":"httpx","message":"HTTP Request: POST http://load/api/v1/accounts \"HTTP/1.1 201 Created\""}
{"timestamp":"2026-09-29T15:34:22.622729+00:00","level":"INFO","logger":"httpx","message":"HTTP Request: POST http://load/api/v1/accounts/01a0edcd-7e9a-7b87-951c-645bc2a2815f/bindings \"HTTP/1.1 201 Created\""}
{"timestamp":"2026-09-29T15:34:22.625189+00:00","level":"INFO","logger":"httpx","message":"HTTP Request: POST http://load/api/v1/mobile/enrollments \"HTTP/1.1 201 Created\""}
{"timestamp":"2026-09-29T15:34:22.629134+00:00","level":"INFO","logger":"httpx","message":"HTTP Request: POST http://load/companion/v2/enroll \"HTTP/1.1 201 Created\""}
{"timestamp":"2026-09-29T15:34:22.631319+00:00","level":"INFO","logger":"httpx","message":"HTTP Request: POST http://load/api/v1/mobile/devices \"HTTP/1.1 201 Created\""}
{"timestamp":"2026-09-29T15:34:22.633654+00:00","level":"INFO","logger":"httpx","message":"HTTP Request: POST http://load/api/v1/accounts \"HTTP/1.1 201 Created\""}
{"timestamp":"2026-09-29T15:34:22.636921+00:00","level":"INFO","logger":"httpx","message":"HTTP Request: POST http://load/api/v1/accounts/01a0edcd-7ea8-7128-99e0-cacc04fc5ad4/bindings \"HTTP/1.1 201 Created\""}
{"timestamp":"2026-09-29T15:34:22.639246+00:00","level":"INFO","logger":"httpx","message":"HTTP Request: POST http://load/api/v1/mobile/enrollments \"HTTP/1.1 201 Created\""}
{"timestamp":"2026-09-29T15:34:22.642506+00:00","level":"INFO","logger":"httpx","message":"HTTP Request: POST http://load/companion/v2/enroll \"HTTP/1.1 201 Created\""}
{"timestamp":"2026-09-29T15:34:22.644378+00:00","level":"INFO","logger":"httpx","message":"HTTP Request: POST http://load/api/v1/mobile/devices \"HTTP/1.1 201 Created\""}
{"timestamp":"2026-09-29T15:34:22.646936+00:00","level":"INFO","logger":"httpx","message":"HTTP Request: POST http://load/api/v1/accounts \"HTTP/1.1 201 Created\""}
{"timestamp":"2026-09-29T15:34:22.649919+00:00","level":"INFO","logger":"httpx","message":"HTTP Request: POST http://load/api/v1/accounts/01a0edcd-7eb5-7ed0-8a65-cfe98a1b13fe/bindings \"HTTP/1.1 201 Created\""}
{"timestamp":"2026-09-29T15:34:22.652084+00:00","level":"INFO","logger":"httpx","message":"HTTP Request: POST http://load/api/v1/mobile/enrollments \"HTTP/1.1 201 Created\""}
{"timestamp":"2026-09-29T15:34:22.655584+00:00","level":"INFO","logger":"httpx","message":"HTTP Request: POST http://load/companion/v2/enroll \"HTTP/1.1 201 Created\""}
{"timestamp":"2026-09-29T15:34:22.658389+00:00","level":"INFO","logger":"httpx","message":"HTTP Request: POST http://load/api/v1/mobile/devices \"HTTP/1.1 201 Created\""}
{"timestamp":"2026-09-29T15:34:22.660940+00:00","level":"INFO","logger":"httpx","message":"HTTP Request: POST http://load/api/v1/accounts \"HTTP/1.1 201 Created\""}
{"timestamp":"2026-09-29T15:34:22.664267+00:00","level":"INFO","logger":"httpx","message":"HTTP Request: POST http://load/api/v1/accounts/01a0edcd-7ec3-760a-b66f-f8ed6100d13f/bindings \"HTTP/1.1 201 Created\""}
{"timestamp":"2026-09-29T15:34:22.666726+00:00","level":"INFO","logger":"httpx","message":"HTTP Request: POST http://load/api/v1/mobile/enrollments \"HTTP/1.1 201 Created\""}
{"timestamp":"2026-09-29T15:34:22.670138+00:00","level":"INFO","logger":"httpx","message":"HTTP Request: POST http://load/companion/v2/enroll \"HTTP/1.1 201 Created\""}
{"timestamp":"2026-09-29T15:34:22.672204+00:00","level":"INFO","logger":"httpx","message":"HTTP Request: POST http://load/api/v1/mobile/devices \"HTTP/1.1 201 Created\""}
{"timestamp":"2026-09-29T15:34:22.674795+00:00","level":"INFO","logger":"httpx","message":"HTTP Request: POST http://load/api/v1/accounts \"HTTP/1.1 201 Created\""}
{"timestamp":"2026-09-29T15:34:22.677954+00:00","level":"INFO","logger":"httpx","message":"HTTP Request: POST http://load/api/v1/accounts/01a0edcd-7ed1-732a-9d98-c0c4e30828b5/bindings \"HTTP/1.1 201 Created\""}
{"timestamp":"2026-09-29T15:34:22.680523+00:00","level":"INFO","logger":"httpx","message":"HTTP Request: POST http://load/api/v1/mobile/enrollments \"HTTP/1.1 201 Created\""}
{"timestamp":"2026-09-29T15:34:22.684327+00:00","level":"INFO","logger":"httpx","message":"HTTP Request: POST http://load/companion/v2/enroll \"HTTP/1.1 201 Created\""}
{"timestamp":"2026-09-29T15:34:22.686544+00:00","level":"INFO","logger":"httpx","message":"HTTP Request: POST http://load/api/v1/mobile/devices \"HTTP/1.1 201 Created\""}
{"timestamp":"2026-09-29T15:34:22.689348+00:00","level":"INFO","logger":"httpx","message":"HTTP Request: POST http://load/api/v1/accounts \"HTTP/1.1 201 Created\""}
{"timestamp":"2026-09-29T15:34:22.692686+00:00","level":"INFO","logger":"httpx","message":"HTTP Request: POST http://load/api/v1/accounts/01a0edcd-7ee0-7755-aa16-a29a1c26ef26/bindings \"HTTP/1.1 201 Created\""}
{"timestamp":"2026-09-29T15:34:22.695041+00:00","level":"INFO","logger":"httpx","message":"HTTP Request: POST http://load/api/v1/mobile/enrollments \"HTTP/1.1 201 Created\""}
{"timestamp":"2026-09-29T15:34:22.698480+00:00","level":"INFO","logger":"httpx","message":"HTTP Request: POST http://load/companion/v2/enroll \"HTTP/1.1 201 Created\""}
{"timestamp":"2026-09-29T15:34:22.700369+00:00","level":"INFO","logger":"httpx","message":"HTTP Request: POST http://load/api/v1/mobile/devices \"HTTP/1.1 201 Created\""}
{"timestamp":"2026-09-29T15:34:22.702834+00:00","level":"INFO","logger":"httpx","message":"HTTP Request: POST http://load/api/v1/accounts \"HTTP/1.1 201 Created\""}
{"timestamp":"2026-09-29T15:34:22.706910+00:00","level":"INFO","logger":"httpx","message":"HTTP Request: POST http://load/api/v1/accounts/01a0edcd-7eed-758f-8426-a908d931f016/bindings \"HTTP/1.1 201 Created\""}
{"timestamp":"2026-09-29T15:34:22.709681+00:00","level":"INFO","logger":"httpx","message":"HTTP Request: POST http://load/api/v1/mobile/enrollments \"HTTP/1.1 201 Created\""}
{"timestamp":"2026-09-29T15:34:22.713223+00:00","level":"INFO","logger":"httpx","message":"HTTP Request: POST http://load/companion/v2/enroll \"HTTP/1.1 201 Created\""}
{"timestamp":"2026-09-29T15:34:22.715065+00:00","level":"INFO","logger":"httpx","message":"HTTP Request: POST http://load/api/v1/mobile/devices \"HTTP/1.1 201 Created\""}
{"timestamp":"2026-09-29T15:34:22.717427+00:00","level":"INFO","logger":"httpx","message":"HTTP Request: POST http://load/api/v1/accounts \"HTTP/1.1 201 Created\""}
{"timestamp":"2026-09-29T15:34:22.720595+00:00","level":"INFO","logger":"httpx","message":"HTTP Request: POST http://load/api/v1/accounts/01a0edcd-7efc-7d55-9930-f235b97feaad/bindings \"HTTP/1.1 201 Created\""}
{"timestamp":"2026-09-29T15:34:22.722645+00:00","level":"INFO","logger":"httpx","message":"HTTP Request: POST http://load/api/v1/mobile/enrollments \"HTTP/1.1 201 Created\""}
{"timestamp":"2026-09-29T15:34:22.725821+00:00","level":"INFO","logger":"httpx","message":"HTTP Request: POST http://load/companion/v2/enroll \"HTTP/1.1 201 Created\""}
{"timestamp":"2026-09-29T15:34:22.727686+00:00","level":"INFO","logger":"httpx","message":"HTTP Request: POST http://load/api/v1/mobile/devices \"HTTP/1.1 201 Created\""}
{"timestamp":"2026-09-29T15:34:22.730040+00:00","level":"INFO","logger":"httpx","message":"HTTP Request: POST http://load/api/v1/accounts \"HTTP/1.1 201 Created\""}
{"timestamp":"2026-09-29T15:34:22.732895+00:00","level":"INFO","logger":"httpx","message":"HTTP Request: POST http://load/api/v1/accounts/01a0edcd-7f09-7bed-87c3-5fb9ed273862/bindings \"HTTP/1.1 201 Created\""}
{"timestamp":"2026-09-29T15:34:22.734868+00:00","level":"INFO","logger":"httpx","message":"HTTP Request: POST http://load/api/v1/mobile/enrollments \"HTTP/1.1 201 Created\""}
{"timestamp":"2026-09-29T15:34:22.738099+00:00","level":"INFO","logger":"httpx","message":"HTTP Request: POST http://load/companion/v2/enroll \"HTTP/1.1 201 Created\""}
{"timestamp":"2026-09-29T15:34:22.740128+00:00","level":"INFO","logger":"httpx","message":"HTTP Request: POST http://load/api/v1/mobile/devices \"HTTP/1.1 201 Created\""}
{"timestamp":"2026-09-29T15:34:22.742752+00:00","level":"INFO","logger":"httpx","message":"HTTP Request: POST http://load/api/v1/accounts \"HTTP/1.1 201 Created\""}
{"timestamp":"2026-09-29T15:34:22.745696+00:00","level":"INFO","logger":"httpx","message":"HTTP Request: POST http://load/api/v1/accounts/01a0edcd-7f15-7f03-90f2-3dd31138c209/bindings \"HTTP/1.1 201 Created\""}
{"timestamp":"2026-09-29T15:34:22.747872+00:00","level":"INFO","logger":"httpx","message":"HTTP Request: POST http://load/api/v1/mobile/enrollments \"HTTP/1.1 201 Created\""}
{"timestamp":"2026-09-29T15:34:22.750966+00:00","level":"INFO","logger":"httpx","message":"HTTP Request: POST http://load/companion/v2/enroll \"HTTP/1.1 201 Created\""}
{"timestamp":"2026-09-29T15:34:22.752781+00:00","level":"INFO","logger":"httpx","message":"HTTP Request: POST http://load/api/v1/mobile/devices \"HTTP/1.1 201 Created\""}
{"timestamp":"2026-09-29T15:34:22.755326+00:00","level":"INFO","logger":"httpx","message":"HTTP Request: POST http://load/api/v1/accounts \"HTTP/1.1 201 Created\""}
{"timestamp":"2026-09-29T15:34:22.758484+00:00","level":"INFO","logger":"httpx","message":"HTTP Request: POST http://load/api/v1/accounts/01a0edcd-7f22-796d-b384-48af79667194/bindings \"HTTP/1.1 201 Created\""}
{"timestamp":"2026-09-29T15:34:22.760496+00:00","level":"INFO","logger":"httpx","message":"HTTP Request: POST http://load/api/v1/mobile/enrollments \"HTTP/1.1 201 Created\""}
{"timestamp":"2026-09-29T15:34:22.764154+00:00","level":"INFO","logger":"httpx","message":"HTTP Request: POST http://load/companion/v2/enroll \"HTTP/1.1 201 Created\""}
{"timestamp":"2026-09-29T15:34:22.765932+00:00","level":"INFO","logger":"httpx","message":"HTTP Request: POST http://load/api/v1/mobile/devices \"HTTP/1.1 201 Created\""}
{"timestamp":"2026-09-29T15:34:22.768153+00:00","level":"INFO","logger":"httpx","message":"HTTP Request: POST http://load/api/v1/accounts \"HTTP/1.1 201 Created\""}
{"timestamp":"2026-09-29T15:34:22.770988+00:00","level":"INFO","logger":"httpx","message":"HTTP Request: POST http://load/api/v1/accounts/01a0edcd-7f2f-7845-8962-076dc2710da7/bindings \"HTTP/1.1 201 Created\""}
{"timestamp":"2026-09-29T15:34:22.773474+00:00","level":"INFO","logger":"httpx","message":"HTTP Request: POST http://load/api/v1/mobile/enrollments \"HTTP/1.1 201 Created\""}
{"timestamp":"2026-09-29T15:34:22.778618+00:00","level":"INFO","logger":"httpx","message":"HTTP Request: POST http://load/companion/v2/enroll \"HTTP/1.1 201 Created\""}
{"timestamp":"2026-09-29T15:34:22.781648+00:00","level":"INFO","logger":"httpx","message":"HTTP Request: POST http://load/api/v1/mobile/devices \"HTTP/1.1 201 Created\""}
{"timestamp":"2026-09-29T15:34:22.784171+00:00","level":"INFO","logger":"httpx","message":"HTTP Request: POST http://load/api/v1/accounts \"HTTP/1.1 201 Created\""}
{"timestamp":"2026-09-29T15:34:22.787221+00:00","level":"INFO","logger":"httpx","message":"HTTP Request: POST http://load/api/v1/accounts/01a0edcd-7f3f-7053-88fc-b999d4ca0901/bindings \"HTTP/1.1 201 Created\""}
{"timestamp":"2026-09-29T15:34:22.789452+00:00","level":"INFO","logger":"httpx","message":"HTTP Request: POST http://load/api/v1/mobile/enrollments \"HTTP/1.1 201 Created\""}
{"timestamp":"2026-09-29T15:34:22.792765+00:00","level":"INFO","logger":"httpx","message":"HTTP Request: POST http://load/companion/v2/enroll \"HTTP/1.1 201 Created\""}
{"timestamp":"2026-09-29T15:34:22.794622+00:00","level":"INFO","logger":"httpx","message":"HTTP Request: POST http://load/api/v1/mobile/devices \"HTTP/1.1 201 Created\""}
{"timestamp":"2026-09-29T15:34:22.797185+00:00","level":"INFO","logger":"httpx","message":"HTTP Request: POST http://load/api/v1/accounts \"HTTP/1.1 201 Created\""}
{"timestamp":"2026-09-29T15:34:22.800321+00:00","level":"INFO","logger":"httpx","message":"HTTP Request: POST http://load/api/v1/accounts/01a0edcd-7f4c-73f5-bec1-18fb607fe90e/bindings \"HTTP/1.1 201 Created\""}
{"timestamp":"2026-09-29T15:34:22.803047+00:00","level":"INFO","logger":"httpx","message":"HTTP Request: POST http://load/api/v1/mobile/enrollments \"HTTP/1.1 201 Created\""}
{"timestamp":"2026-09-29T15:34:22.807166+00:00","level":"INFO","logger":"httpx","message":"HTTP Request: POST http://load/companion/v2/enroll \"HTTP/1.1 201 Created\""}
{"timestamp":"2026-09-29T15:34:22.809345+00:00","level":"INFO","logger":"httpx","message":"HTTP Request: POST http://load/api/v1/mobile/devices \"HTTP/1.1 201 Created\""}
{"timestamp":"2026-09-29T15:34:22.811941+00:00","level":"INFO","logger":"httpx","message":"HTTP Request: POST http://load/api/v1/accounts \"HTTP/1.1 201 Created\""}
{"timestamp":"2026-09-29T15:34:22.816092+00:00","level":"INFO","logger":"httpx","message":"HTTP Request: POST http://load/api/v1/accounts/01a0edcd-7f5a-748d-a7b9-8d9bee2d445a/bindings \"HTTP/1.1 201 Created\""}
{"timestamp":"2026-09-29T15:34:22.819332+00:00","level":"INFO","logger":"httpx","message":"HTTP Request: POST http://load/api/v1/mobile/enrollments \"HTTP/1.1 201 Created\""}
{"timestamp":"2026-09-29T15:34:22.823461+00:00","level":"INFO","logger":"httpx","message":"HTTP Request: POST http://load/companion/v2/enroll \"HTTP/1.1 201 Created\""}
{"timestamp":"2026-09-29T15:34:22.825626+00:00","level":"INFO","logger":"httpx","message":"HTTP Request: POST http://load/api/v1/mobile/devices \"HTTP/1.1 201 Created\""}
{"timestamp":"2026-09-29T15:34:22.828283+00:00","level":"INFO","logger":"httpx","message":"HTTP Request: POST http://load/api/v1/accounts \"HTTP/1.1 201 Created\""}
{"timestamp":"2026-09-29T15:34:22.831576+00:00","level":"INFO","logger":"httpx","message":"HTTP Request: POST http://load/api/v1/accounts/01a0edcd-7f6b-7b47-bbc8-f8bf3c252c3a/bindings \"HTTP/1.1 201 Created\""}
{"timestamp":"2026-09-29T15:34:22.833795+00:00","level":"INFO","logger":"httpx","message":"HTTP Request: POST http://load/api/v1/mobile/enrollments \"HTTP/1.1 201 Created\""}
{"timestamp":"2026-09-29T15:34:22.837763+00:00","level":"INFO","logger":"httpx","message":"HTTP Request: POST http://load/companion/v2/enroll \"HTTP/1.1 201 Created\""}
{"timestamp":"2026-09-29T15:34:22.839854+00:00","level":"INFO","logger":"httpx","message":"HTTP Request: POST http://load/api/v1/mobile/devices \"HTTP/1.1 201 Created\""}
{"timestamp":"2026-09-29T15:34:22.842292+00:00","level":"INFO","logger":"httpx","message":"HTTP Request: POST http://load/api/v1/accounts \"HTTP/1.1 201 Created\""}
{"timestamp":"2026-09-29T15:34:22.845483+00:00","level":"INFO","logger":"httpx","message":"HTTP Request: POST http://load/api/v1/accounts/01a0edcd-7f79-7c21-94fa-c51dcc6f0f89/bindings \"HTTP/1.1 201 Created\""}
{"timestamp":"2026-09-29T15:34:22.848171+00:00","level":"INFO","logger":"httpx","message":"HTTP Request: POST http://load/api/v1/mobile/enrollments \"HTTP/1.1 201 Created\""}
{"timestamp":"2026-09-29T15:34:22.851774+00:00","level":"INFO","logger":"httpx","message":"HTTP Request: POST http://load/companion/v2/enroll \"HTTP/1.1 201 Created\""}
{"timestamp":"2026-09-29T15:34:22.853654+00:00","level":"INFO","logger":"httpx","message":"HTTP Request: POST http://load/api/v1/mobile/devices \"HTTP/1.1 201 Created\""}
{"timestamp":"2026-09-29T15:34:22.856129+00:00","level":"INFO","logger":"httpx","message":"HTTP Request: POST http://load/api/v1/accounts \"HTTP/1.1 201 Created\""}
{"timestamp":"2026-09-29T15:34:22.859694+00:00","level":"INFO","logger":"httpx","message":"HTTP Request: POST http://load/api/v1/accounts/01a0edcd-7f87-733e-ae22-ca1563b3e300/bindings \"HTTP/1.1 201 Created\""}
{"timestamp":"2026-09-29T15:34:22.862012+00:00","level":"INFO","logger":"httpx","message":"HTTP Request: POST http://load/api/v1/mobile/enrollments \"HTTP/1.1 201 Created\""}
{"timestamp":"2026-09-29T15:34:22.865618+00:00","level":"INFO","logger":"httpx","message":"HTTP Request: POST http://load/companion/v2/enroll \"HTTP/1.1 201 Created\""}
{"timestamp":"2026-09-29T15:34:22.867681+00:00","level":"INFO","logger":"httpx","message":"HTTP Request: POST http://load/api/v1/mobile/devices \"HTTP/1.1 201 Created\""}
{"timestamp":"2026-09-29T15:34:22.870616+00:00","level":"INFO","logger":"httpx","message":"HTTP Request: POST http://load/api/v1/accounts \"HTTP/1.1 201 Created\""}
{"timestamp":"2026-09-29T15:34:22.874224+00:00","level":"INFO","logger":"httpx","message":"HTTP Request: POST http://load/api/v1/accounts/01a0edcd-7f95-7dae-874b-6b135600af08/bindings \"HTTP/1.1 201 Created\""}
{"timestamp":"2026-09-29T15:34:22.876510+00:00","level":"INFO","logger":"httpx","message":"HTTP Request: POST http://load/api/v1/mobile/enrollments \"HTTP/1.1 201 Created\""}
{"timestamp":"2026-09-29T15:34:22.880398+00:00","level":"INFO","logger":"httpx","message":"HTTP Request: POST http://load/companion/v2/enroll \"HTTP/1.1 201 Created\""}
{"timestamp":"2026-09-29T15:34:22.882358+00:00","level":"INFO","logger":"httpx","message":"HTTP Request: POST http://load/api/v1/mobile/devices \"HTTP/1.1 201 Created\""}
{"timestamp":"2026-09-29T15:34:22.885360+00:00","level":"INFO","logger":"httpx","message":"HTTP Request: POST http://load/api/v1/accounts \"HTTP/1.1 201 Created\""}
{"timestamp":"2026-09-29T15:34:22.889808+00:00","level":"INFO","logger":"httpx","message":"HTTP Request: POST http://load/api/v1/accounts/01a0edcd-7fa4-770d-a4e2-b4c44b467427/bindings \"HTTP/1.1 201 Created\""}
{"timestamp":"2026-09-29T15:34:22.892336+00:00","level":"INFO","logger":"httpx","message":"HTTP Request: POST http://load/api/v1/mobile/enrollments \"HTTP/1.1 201 Created\""}
{"timestamp":"2026-09-29T15:34:22.896083+00:00","level":"INFO","logger":"httpx","message":"HTTP Request: POST http://load/companion/v2/enroll \"HTTP/1.1 201 Created\""}
{"timestamp":"2026-09-29T15:34:22.898279+00:00","level":"INFO","logger":"httpx","message":"HTTP Request: POST http://load/api/v1/mobile/devices \"HTTP/1.1 201 Created\""}
{"timestamp":"2026-09-29T15:34:22.901039+00:00","level":"INFO","logger":"httpx","message":"HTTP Request: POST http://load/api/v1/accounts \"HTTP/1.1 201 Created\""}
{"timestamp":"2026-09-29T15:34:22.904126+00:00","level":"INFO","logger":"httpx","message":"HTTP Request: POST http://load/api/v1/accounts/01a0edcd-7fb4-7758-a97e-23835440940d/bindings \"HTTP/1.1 201 Created\""}
{"timestamp":"2026-09-29T15:34:22.906316+00:00","level":"INFO","logger":"httpx","message":"HTTP Request: POST http://load/api/v1/mobile/enrollments \"HTTP/1.1 201 Created\""}
{"timestamp":"2026-09-29T15:34:22.909965+00:00","level":"INFO","logger":"httpx","message":"HTTP Request: POST http://load/companion/v2/enroll \"HTTP/1.1 201 Created\""}
{"timestamp":"2026-09-29T15:34:22.911851+00:00","level":"INFO","logger":"httpx","message":"HTTP Request: POST http://load/api/v1/mobile/devices \"HTTP/1.1 201 Created\""}
{"timestamp":"2026-09-29T15:34:22.914773+00:00","level":"INFO","logger":"httpx","message":"HTTP Request: POST http://load/api/v1/accounts \"HTTP/1.1 201 Created\""}
{"timestamp":"2026-09-29T15:34:22.917991+00:00","level":"INFO","logger":"httpx","message":"HTTP Request: POST http://load/api/v1/accounts/01a0edcd-7fc1-7972-88ed-8b0c3acc98e2/bindings \"HTTP/1.1 201 Created\""}
{"timestamp":"2026-09-29T15:34:22.920581+00:00","level":"INFO","logger":"httpx","message":"HTTP Request: POST http://load/api/v1/mobile/enrollments \"HTTP/1.1 201 Created\""}
{"timestamp":"2026-09-29T15:34:22.924532+00:00","level":"INFO","logger":"httpx","message":"HTTP Request: POST http://load/companion/v2/enroll \"HTTP/1.1 201 Created\""}
{"timestamp":"2026-09-29T15:34:22.926616+00:00","level":"INFO","logger":"httpx","message":"HTTP Request: POST http://load/api/v1/mobile/devices \"HTTP/1.1 201 Created\""}
{"timestamp":"2026-09-29T15:34:22.928994+00:00","level":"INFO","logger":"httpx","message":"HTTP Request: POST http://load/api/v1/accounts \"HTTP/1.1 201 Created\""}
{"timestamp":"2026-09-29T15:34:22.932618+00:00","level":"INFO","logger":"httpx","message":"HTTP Request: POST http://load/api/v1/accounts/01a0edcd-7fcf-7ea9-8563-19fc89e559b0/bindings \"HTTP/1.1 201 Created\""}
{"timestamp":"2026-09-29T15:34:22.934848+00:00","level":"INFO","logger":"httpx","message":"HTTP Request: POST http://load/api/v1/mobile/enrollments \"HTTP/1.1 201 Created\""}
{"timestamp":"2026-09-29T15:34:22.938452+00:00","level":"INFO","logger":"httpx","message":"HTTP Request: POST http://load/companion/v2/enroll \"HTTP/1.1 201 Created\""}
{"timestamp":"2026-09-29T15:34:22.940505+00:00","level":"INFO","logger":"httpx","message":"HTTP Request: POST http://load/api/v1/mobile/devices \"HTTP/1.1 201 Created\""}
{"timestamp":"2026-09-29T15:34:22.943138+00:00","level":"INFO","logger":"httpx","message":"HTTP Request: POST http://load/api/v1/accounts \"HTTP/1.1 201 Created\""}
{"timestamp":"2026-09-29T15:34:22.946713+00:00","level":"INFO","logger":"httpx","message":"HTTP Request: POST http://load/api/v1/accounts/01a0edcd-7fde-7cc5-a4b6-d3ee2d877ac9/bindings \"HTTP/1.1 201 Created\""}
{"timestamp":"2026-09-29T15:34:22.948894+00:00","level":"INFO","logger":"httpx","message":"HTTP Request: POST http://load/api/v1/mobile/enrollments \"HTTP/1.1 201 Created\""}
{"timestamp":"2026-09-29T15:34:22.952177+00:00","level":"INFO","logger":"httpx","message":"HTTP Request: POST http://load/companion/v2/enroll \"HTTP/1.1 201 Created\""}
{"timestamp":"2026-09-29T15:34:22.954085+00:00","level":"INFO","logger":"httpx","message":"HTTP Request: POST http://load/api/v1/mobile/devices \"HTTP/1.1 201 Created\""}
{"timestamp":"2026-09-29T15:34:22.956697+00:00","level":"INFO","logger":"httpx","message":"HTTP Request: POST http://load/api/v1/accounts \"HTTP/1.1 201 Created\""}
{"timestamp":"2026-09-29T15:34:22.960013+00:00","level":"INFO","logger":"httpx","message":"HTTP Request: POST http://load/api/v1/accounts/01a0edcd-7feb-7683-a0ba-d979b725023e/bindings \"HTTP/1.1 201 Created\""}
{"timestamp":"2026-09-29T15:34:22.962745+00:00","level":"INFO","logger":"httpx","message":"HTTP Request: POST http://load/api/v1/mobile/enrollments \"HTTP/1.1 201 Created\""}
{"timestamp":"2026-09-29T15:34:22.966860+00:00","level":"INFO","logger":"httpx","message":"HTTP Request: POST http://load/companion/v2/enroll \"HTTP/1.1 201 Created\""}
{"timestamp":"2026-09-29T15:34:22.968902+00:00","level":"INFO","logger":"httpx","message":"HTTP Request: POST http://load/api/v1/mobile/devices \"HTTP/1.1 201 Created\""}
{"timestamp":"2026-09-29T15:34:22.971506+00:00","level":"INFO","logger":"httpx","message":"HTTP Request: POST http://load/api/v1/accounts \"HTTP/1.1 201 Created\""}
{"timestamp":"2026-09-29T15:34:22.974966+00:00","level":"INFO","logger":"httpx","message":"HTTP Request: POST http://load/api/v1/accounts/01a0edcd-7ffa-7b23-a20d-3fd31f3ec9cb/bindings \"HTTP/1.1 201 Created\""}
{"timestamp":"2026-09-29T15:34:22.977697+00:00","level":"INFO","logger":"httpx","message":"HTTP Request: POST http://load/api/v1/mobile/enrollments \"HTTP/1.1 201 Created\""}
{"timestamp":"2026-09-29T15:34:22.981437+00:00","level":"INFO","logger":"httpx","message":"HTTP Request: POST http://load/companion/v2/enroll \"HTTP/1.1 201 Created\""}
{"timestamp":"2026-09-29T15:34:22.994291+00:00","level":"INFO","logger":"httpx","message":"HTTP Request: POST http://load/api/v1/platform-tasks \"HTTP/1.1 201 Created\""}
{"timestamp":"2026-09-29T15:34:22.999952+00:00","level":"INFO","logger":"httpx","message":"HTTP Request: POST http://load/api/v1/platform-tasks \"HTTP/1.1 201 Created\""}
{"timestamp":"2026-09-29T15:34:23.005628+00:00","level":"INFO","logger":"httpx","message":"HTTP Request: POST http://load/api/v1/platform-tasks \"HTTP/1.1 201 Created\""}
{"timestamp":"2026-09-29T15:34:23.011149+00:00","level":"INFO","logger":"httpx","message":"HTTP Request: POST http://load/api/v1/platform-tasks \"HTTP/1.1 201 Created\""}
{"timestamp":"2026-09-29T15:34:23.017496+00:00","level":"INFO","logger":"httpx","message":"HTTP Request: POST http://load/api/v1/platform-tasks \"HTTP/1.1 201 Created\""}
{"timestamp":"2026-09-29T15:34:23.024177+00:00","level":"INFO","logger":"httpx","message":"HTTP Request: POST http://load/api/v1/platform-tasks \"HTTP/1.1 201 Created\""}
{"timestamp":"2026-09-29T15:34:23.028935+00:00","level":"INFO","logger":"httpx","message":"HTTP Request: POST http://load/api/v1/platform-tasks \"HTTP/1.1 201 Created\""}
{"timestamp":"2026-09-29T15:34:23.033395+00:00","level":"INFO","logger":"httpx","message":"HTTP Request: POST http://load/api/v1/platform-tasks \"HTTP/1.1 201 Created\""}
{"timestamp":"2026-09-29T15:34:23.037834+00:00","level":"INFO","logger":"httpx","message":"HTTP Request: POST http://load/api/v1/platform-tasks \"HTTP/1.1 201 Created\""}
{"timestamp":"2026-09-29T15:34:23.042985+00:00","level":"INFO","logger":"httpx","message":"HTTP Request: POST http://load/api/v1/platform-tasks \"HTTP/1.1 201 Created\""}
{"timestamp":"2026-09-29T15:34:23.048163+00:00","level":"INFO","logger":"httpx","message":"HTTP Request: POST http://load/api/v1/platform-tasks \"HTTP/1.1 201 Created\""}
{"timestamp":"2026-09-29T15:34:23.052784+00:00","level":"INFO","logger":"httpx","message":"HTTP Request: POST http://load/api/v1/platform-tasks \"HTTP/1.1 201 Created\""}
{"timestamp":"2026-09-29T15:34:23.058054+00:00","level":"INFO","logger":"httpx","message":"HTTP Request: POST http://load/api/v1/platform-tasks \"HTTP/1.1 201 Created\""}
{"timestamp":"2026-09-29T15:34:23.063125+00:00","level":"INFO","logger":"httpx","message":"HTTP Request: POST http://load/api/v1/platform-tasks \"HTTP/1.1 201 Created\""}
{"timestamp":"2026-09-29T15:34:23.068430+00:00","level":"INFO","logger":"httpx","message":"HTTP Request: POST http://load/api/v1/platform-tasks \"HTTP/1.1 201 Created\""}
{"timestamp":"2026-09-29T15:34:23.073891+00:00","level":"INFO","logger":"httpx","message":"HTTP Request: POST http://load/api/v1/platform-tasks \"HTTP/1.1 201 Created\""}
{"timestamp":"2026-09-29T15:34:23.078588+00:00","level":"INFO","logger":"httpx","message":"HTTP Request: POST http://load/api/v1/platform-tasks \"HTTP/1.1 201 Created\""}
{"timestamp":"2026-09-29T15:34:23.083451+00:00","level":"INFO","logger":"httpx","message":"HTTP Request: POST http://load/api/v1/platform-tasks \"HTTP/1.1 201 Created\""}
{"timestamp":"2026-09-29T15:34:23.087811+00:00","level":"INFO","logger":"httpx","message":"HTTP Request: POST http://load/api/v1/platform-tasks \"HTTP/1.1 201 Created\""}
{"timestamp":"2026-09-29T15:34:23.092639+00:00","level":"INFO","logger":"httpx","message":"HTTP Request: POST http://load/api/v1/platform-tasks \"HTTP/1.1 201 Created\""}
{"timestamp":"2026-09-29T15:34:23.097339+00:00","level":"INFO","logger":"httpx","message":"HTTP Request: POST http://load/api/v1/platform-tasks \"HTTP/1.1 201 Created\""}
{"timestamp":"2026-09-29T15:34:23.102235+00:00","level":"INFO","logger":"httpx","message":"HTTP Request: POST http://load/api/v1/platform-tasks \"HTTP/1.1 201 Created\""}
{"timestamp":"2026-09-29T15:34:23.107310+00:00","level":"INFO","logger":"httpx","message":"HTTP Request: POST http://load/api/v1/platform-tasks \"HTTP/1.1 201 Created\""}
{"timestamp":"2026-09-29T15:34:23.111692+00:00","level":"INFO","logger":"httpx","message":"HTTP Request: POST http://load/api/v1/platform-tasks \"HTTP/1.1 201 Created\""}
{"timestamp":"2026-09-29T15:34:23.116039+00:00","level":"INFO","logger":"httpx","message":"HTTP Request: POST http://load/api/v1/platform-tasks \"HTTP/1.1 201 Created\""}
{"timestamp":"2026-09-29T15:34:23.120209+00:00","level":"INFO","logger":"httpx","message":"HTTP Request: POST http://load/api/v1/platform-tasks \"HTTP/1.1 201 Created\""}
{"timestamp":"2026-09-29T15:34:23.125042+00:00","level":"INFO","logger":"httpx","message":"HTTP Request: POST http://load/api/v1/platform-tasks \"HTTP/1.1 201 Created\""}
{"timestamp":"2026-09-29T15:34:23.129843+00:00","level":"INFO","logger":"httpx","message":"HTTP Request: POST http://load/api/v1/platform-tasks \"HTTP/1.1 201 Created\""}
{"timestamp":"2026-09-29T15:34:23.133994+00:00","level":"INFO","logger":"httpx","message":"HTTP Request: POST http://load/api/v1/platform-tasks \"HTTP/1.1 201 Created\""}
{"timestamp":"2026-09-29T15:34:23.139457+00:00","level":"INFO","logger":"httpx","message":"HTTP Request: POST http://load/api/v1/platform-tasks \"HTTP/1.1 201 Created\""}
{"timestamp":"2026-09-29T15:34:23.145058+00:00","level":"INFO","logger":"httpx","message":"HTTP Request: POST http://load/api/v1/platform-tasks \"HTTP/1.1 201 Created\""}
{"timestamp":"2026-09-29T15:34:23.151552+00:00","level":"INFO","logger":"httpx","message":"HTTP Request: POST http://load/api/v1/platform-tasks \"HTTP/1.1 201 Created\""}
{"timestamp":"2026-09-29T15:34:23.157128+00:00","level":"INFO","logger":"httpx","message":"HTTP Request: POST http://load/api/v1/platform-tasks \"HTTP/1.1 201 Created\""}
{"timestamp":"2026-09-29T15:34:23.162264+00:00","level":"INFO","logger":"httpx","message":"HTTP Request: POST http://load/api/v1/platform-tasks \"HTTP/1.1 201 Created\""}
{"timestamp":"2026-09-29T15:34:23.167562+00:00","level":"INFO","logger":"httpx","message":"HTTP Request: POST http://load/api/v1/platform-tasks \"HTTP/1.1 201 Created\""}
{"timestamp":"2026-09-29T15:34:23.174843+00:00","level":"INFO","logger":"httpx","message":"HTTP Request: POST http://load/api/v1/platform-tasks \"HTTP/1.1 201 Created\""}
{"timestamp":"2026-09-29T15:34:23.180812+00:00","level":"INFO","logger":"httpx","message":"HTTP Request: POST http://load/api/v1/platform-tasks \"HTTP/1.1 201 Created\""}
{"timestamp":"2026-09-29T15:34:23.186087+00:00","level":"INFO","logger":"httpx","message":"HTTP Request: POST http://load/api/v1/platform-tasks \"HTTP/1.1 201 Created\""}
{"timestamp":"2026-09-29T15:34:23.191036+00:00","level":"INFO","logger":"httpx","message":"HTTP Request: POST http://load/api/v1/platform-tasks \"HTTP/1.1 201 Created\""}
{"timestamp":"2026-09-29T15:34:23.196148+00:00","level":"INFO","logger":"httpx","message":"HTTP Request: POST http://load/api/v1/platform-tasks \"HTTP/1.1 201 Created\""}
{"timestamp":"2026-09-29T15:34:23.201068+00:00","level":"INFO","logger":"httpx","message":"HTTP Request: POST http://load/api/v1/platform-tasks \"HTTP/1.1 201 Created\""}
{"timestamp":"2026-09-29T15:34:23.205816+00:00","level":"INFO","logger":"httpx","message":"HTTP Request: POST http://load/api/v1/platform-tasks \"HTTP/1.1 201 Created\""}
{"timestamp":"2026-09-29T15:34:23.210320+00:00","level":"INFO","logger":"httpx","message":"HTTP Request: POST http://load/api/v1/platform-tasks \"HTTP/1.1 201 Created\""}
{"timestamp":"2026-09-29T15:34:23.215385+00:00","level":"INFO","logger":"httpx","message":"HTTP Request: POST http://load/api/v1/platform-tasks \"HTTP/1.1 201 Created\""}
{"timestamp":"2026-09-29T15:34:23.219868+00:00","level":"INFO","logger":"httpx","message":"HTTP Request: POST http://load/api/v1/platform-tasks \"HTTP/1.1 201 Created\""}
{"timestamp":"2026-09-29T15:34:23.225389+00:00","level":"INFO","logger":"httpx","message":"HTTP Request: POST http://load/api/v1/platform-tasks \"HTTP/1.1 201 Created\""}
{"timestamp":"2026-09-29T15:34:23.230477+00:00","level":"INFO","logger":"httpx","message":"HTTP Request: POST http://load/api/v1/platform-tasks \"HTTP/1.1 201 Created\""}
{"timestamp":"2026-09-29T15:34:23.235013+00:00","level":"INFO","logger":"httpx","message":"HTTP Request: POST http://load/api/v1/platform-tasks \"HTTP/1.1 201 Created\""}
{"timestamp":"2026-09-29T15:34:23.240532+00:00","level":"INFO","logger":"httpx","message":"HTTP Request: POST http://load/api/v1/platform-tasks \"HTTP/1.1 201 Created\""}
{"timestamp":"2026-09-29T15:34:23.245597+00:00","level":"INFO","logger":"httpx","message":"HTTP Request: POST http://load/api/v1/platform-tasks \"HTTP/1.1 201 Created\""}
{"timestamp":"2026-09-29T15:34:23.250813+00:00","level":"INFO","logger":"httpx","message":"HTTP Request: POST http://load/api/v1/platform-tasks \"HTTP/1.1 201 Created\""}
{"timestamp":"2026-09-29T15:34:23.256387+00:00","level":"INFO","logger":"httpx","message":"HTTP Request: POST http://load/api/v1/platform-tasks \"HTTP/1.1 201 Created\""}
{"timestamp":"2026-09-29T15:34:23.261124+00:00","level":"INFO","logger":"httpx","message":"HTTP Request: POST http://load/api/v1/platform-tasks \"HTTP/1.1 201 Created\""}
{"timestamp":"2026-09-29T15:34:23.266105+00:00","level":"INFO","logger":"httpx","message":"HTTP Request: POST http://load/api/v1/platform-tasks \"HTTP/1.1 201 Created\""}
{"timestamp":"2026-09-29T15:34:23.270601+00:00","level":"INFO","logger":"httpx","message":"HTTP Request: POST http://load/api/v1/platform-tasks \"HTTP/1.1 201 Created\""}
{"timestamp":"2026-09-29T15:34:23.276284+00:00","level":"INFO","logger":"httpx","message":"HTTP Request: POST http://load/api/v1/platform-tasks \"HTTP/1.1 201 Created\""}
{"timestamp":"2026-09-29T15:34:23.282221+00:00","level":"INFO","logger":"httpx","message":"HTTP Request: POST http://load/api/v1/platform-tasks \"HTTP/1.1 201 Created\""}
{"timestamp":"2026-09-29T15:34:23.287056+00:00","level":"INFO","logger":"httpx","message":"HTTP Request: POST http://load/api/v1/platform-tasks \"HTTP/1.1 201 Created\""}
{"timestamp":"2026-09-29T15:34:23.293309+00:00","level":"INFO","logger":"httpx","message":"HTTP Request: POST http://load/api/v1/platform-tasks \"HTTP/1.1 201 Created\""}
{"timestamp":"2026-09-29T15:34:23.298809+00:00","level":"INFO","logger":"httpx","message":"HTTP Request: POST http://load/api/v1/platform-tasks \"HTTP/1.1 201 Created\""}
{"timestamp":"2026-09-29T15:34:23.303978+00:00","level":"INFO","logger":"httpx","message":"HTTP Request: POST http://load/api/v1/platform-tasks \"HTTP/1.1 201 Created\""}
{"timestamp":"2026-09-29T15:34:23.310658+00:00","level":"INFO","logger":"httpx","message":"HTTP Request: POST http://load/api/v1/platform-tasks \"HTTP/1.1 201 Created\""}
{"timestamp":"2026-09-29T15:34:23.316604+00:00","level":"INFO","logger":"httpx","message":"HTTP Request: POST http://load/api/v1/platform-tasks \"HTTP/1.1 201 Created\""}
{"timestamp":"2026-09-29T15:34:23.325457+00:00","level":"INFO","logger":"httpx","message":"HTTP Request: POST http://load/api/v1/platform-tasks \"HTTP/1.1 201 Created\""}
{"timestamp":"2026-09-29T15:34:23.330628+00:00","level":"INFO","logger":"httpx","message":"HTTP Request: POST http://load/api/v1/platform-tasks \"HTTP/1.1 201 Created\""}
{"timestamp":"2026-09-29T15:34:23.335696+00:00","level":"INFO","logger":"httpx","message":"HTTP Request: POST http://load/api/v1/platform-tasks \"HTTP/1.1 201 Created\""}
{"timestamp":"2026-09-29T15:34:23.341419+00:00","level":"INFO","logger":"httpx","message":"HTTP Request: POST http://load/api/v1/platform-tasks \"HTTP/1.1 201 Created\""}
{"timestamp":"2026-09-29T15:34:23.346949+00:00","level":"INFO","logger":"httpx","message":"HTTP Request: POST http://load/api/v1/platform-tasks \"HTTP/1.1 201 Created\""}
{"timestamp":"2026-09-29T15:34:23.351674+00:00","level":"INFO","logger":"httpx","message":"HTTP Request: POST http://load/api/v1/platform-tasks \"HTTP/1.1 201 Created\""}
{"timestamp":"2026-09-29T15:34:23.357374+00:00","level":"INFO","logger":"httpx","message":"HTTP Request: POST http://load/api/v1/platform-tasks \"HTTP/1.1 201 Created\""}
{"timestamp":"2026-09-29T15:34:23.362054+00:00","level":"INFO","logger":"httpx","message":"HTTP Request: POST http://load/api/v1/platform-tasks \"HTTP/1.1 201 Created\""}
{"timestamp":"2026-09-29T15:34:23.366788+00:00","level":"INFO","logger":"httpx","message":"HTTP Request: POST http://load/api/v1/platform-tasks \"HTTP/1.1 201 Created\""}
{"timestamp":"2026-09-29T15:34:23.373061+00:00","level":"INFO","logger":"httpx","message":"HTTP Request: POST http://load/api/v1/platform-tasks \"HTTP/1.1 201 Created\""}
{"timestamp":"2026-09-29T15:34:23.378295+00:00","level":"INFO","logger":"httpx","message":"HTTP Request: POST http://load/api/v1/platform-tasks \"HTTP/1.1 201 Created\""}
{"timestamp":"2026-09-29T15:34:23.383667+00:00","level":"INFO","logger":"httpx","message":"HTTP Request: POST http://load/api/v1/platform-tasks \"HTTP/1.1 201 Created\""}
{"timestamp":"2026-09-29T15:34:23.388781+00:00","level":"INFO","logger":"httpx","message":"HTTP Request: POST http://load/api/v1/platform-tasks \"HTTP/1.1 201 Created\""}
{"timestamp":"2026-09-29T15:34:23.393821+00:00","level":"INFO","logger":"httpx","message":"HTTP Request: POST http://load/api/v1/platform-tasks \"HTTP/1.1 201 Created\""}
{"timestamp":"2026-09-29T15:34:23.399104+00:00","level":"INFO","logger":"httpx","message":"HTTP Request: POST http://load/api/v1/platform-tasks \"HTTP/1.1 201 Created\""}
{"timestamp":"2026-09-29T15:34:23.403950+00:00","level":"INFO","logger":"httpx","message":"HTTP Request: POST http://load/api/v1/platform-tasks \"HTTP/1.1 201 Created\""}
{"timestamp":"2026-09-29T15:34:23.408857+00:00","level":"INFO","logger":"httpx","message":"HTTP Request: POST http://load/api/v1/platform-tasks \"HTTP/1.1 201 Created\""}
{"timestamp":"2026-09-29T15:34:23.414180+00:00","level":"INFO","logger":"httpx","message":"HTTP Request: POST http://load/api/v1/platform-tasks \"HTTP/1.1 201 Created\""}
{"timestamp":"2026-09-29T15:34:23.419489+00:00","level":"INFO","logger":"httpx","message":"HTTP Request: POST http://load/api/v1/platform-tasks \"HTTP/1.1 201 Created\""}
{"timestamp":"2026-09-29T15:34:23.426175+00:00","level":"INFO","logger":"httpx","message":"HTTP Request: POST http://load/api/v1/platform-tasks \"HTTP/1.1 201 Created\""}
{"timestamp":"2026-09-29T15:34:23.431726+00:00","level":"INFO","logger":"httpx","message":"HTTP Request: POST http://load/api/v1/platform-tasks \"HTTP/1.1 201 Created\""}
{"timestamp":"2026-09-29T15:34:23.436678+00:00","level":"INFO","logger":"httpx","message":"HTTP Request: POST http://load/api/v1/platform-tasks \"HTTP/1.1 201 Created\""}
{"timestamp":"2026-09-29T15:34:23.441386+00:00","level":"INFO","logger":"httpx","message":"HTTP Request: POST http://load/api/v1/platform-tasks \"HTTP/1.1 201 Created\""}
{"timestamp":"2026-09-29T15:34:23.446328+00:00","level":"INFO","logger":"httpx","message":"HTTP Request: POST http://load/api/v1/platform-tasks \"HTTP/1.1 201 Created\""}
{"timestamp":"2026-09-29T15:34:23.450706+00:00","level":"INFO","logger":"httpx","message":"HTTP Request: POST http://load/api/v1/platform-tasks \"HTTP/1.1 201 Created\""}
{"timestamp":"2026-09-29T15:34:23.455706+00:00","level":"INFO","logger":"httpx","message":"HTTP Request: POST http://load/api/v1/platform-tasks \"HTTP/1.1 201 Created\""}
{"timestamp":"2026-09-29T15:34:23.460451+00:00","level":"INFO","logger":"httpx","message":"HTTP Request: POST http://load/api/v1/platform-tasks \"HTTP/1.1 201 Created\""}
{"timestamp":"2026-09-29T15:34:23.465399+00:00","level":"INFO","logger":"httpx","message":"HTTP Request: POST http://load/api/v1/platform-tasks \"HTTP/1.1 201 Created\""}
{"timestamp":"2026-09-29T15:34:23.470127+00:00","level":"INFO","logger":"httpx","message":"HTTP Request: POST http://load/api/v1/platform-tasks \"HTTP/1.1 201 Created\""}
{"timestamp":"2026-09-29T15:34:23.475059+00:00","level":"INFO","logger":"httpx","message":"HTTP Request: POST http://load/api/v1/platform-tasks \"HTTP/1.1 201 Created\""}
{"timestamp":"2026-09-29T15:34:23.480020+00:00","level":"INFO","logger":"httpx","message":"HTTP Request: POST http://load/api/v1/platform-tasks \"HTTP/1.1 201 Created\""}
{"timestamp":"2026-09-29T15:34:23.484419+00:00","level":"INFO","logger":"httpx","message":"HTTP Request: POST http://load/api/v1/platform-tasks \"HTTP/1.1 201 Created\""}
{"timestamp":"2026-09-29T15:34:23.489564+00:00","level":"INFO","logger":"httpx","message":"HTTP Request: POST http://load/api/v1/platform-tasks \"HTTP/1.1 201 Created\""}
{"timestamp":"2026-09-29T15:34:23.494293+00:00","level":"INFO","logger":"httpx","message":"HTTP Request: POST http://load/api/v1/platform-tasks \"HTTP/1.1 201 Created\""}
{"timestamp":"2026-09-29T15:34:23.499280+00:00","level":"INFO","logger":"httpx","message":"HTTP Request: POST http://load/api/v1/platform-tasks \"HTTP/1.1 201 Created\""}
{"timestamp":"2026-09-29T15:34:23.504363+00:00","level":"INFO","logger":"httpx","message":"HTTP Request: POST http://load/api/v1/platform-tasks \"HTTP/1.1 201 Created\""}
{"timestamp":"2026-09-29T15:34:23.509367+00:00","level":"INFO","logger":"httpx","message":"HTTP Request: POST http://load/api/v1/platform-tasks \"HTTP/1.1 201 Created\""}
{"timestamp":"2026-09-29T15:34:23.658565+00:00","level":"INFO","logger":"httpx","message":"HTTP Request: POST http://load/companion/v2/tasks/claim \"HTTP/1.1 200 OK\""}
{"timestamp":"2026-09-29T15:34:23.660619+00:00","level":"INFO","logger":"httpx","message":"HTTP Request: POST http://load/companion/v2/tasks/claim \"HTTP/1.1 200 OK\""}
{"timestamp":"2026-09-29T15:34:23.661684+00:00","level":"INFO","logger":"httpx","message":"HTTP Request: POST http://load/companion/v2/tasks/claim \"HTTP/1.1 200 OK\""}
{"timestamp":"2026-09-29T15:34:23.662025+00:00","level":"INFO","logger":"httpx","message":"HTTP Request: POST http://load/companion/v2/tasks/claim \"HTTP/1.1 200 OK\""}
{"timestamp":"2026-09-29T15:34:23.662325+00:00","level":"INFO","logger":"httpx","message":"HTTP Request: POST http://load/companion/v2/tasks/claim \"HTTP/1.1 200 OK\""}
{"timestamp":"2026-09-29T15:34:23.662609+00:00","level":"INFO","logger":"httpx","message":"HTTP Request: POST http://load/companion/v2/tasks/claim \"HTTP/1.1 200 OK\""}
{"timestamp":"2026-09-29T15:34:23.676625+00:00","level":"INFO","logger":"httpx","message":"HTTP Request: POST http://load/companion/v2/tasks/claim \"HTTP/1.1 200 OK\""}
{"timestamp":"2026-09-29T15:34:23.679110+00:00","level":"INFO","logger":"httpx","message":"HTTP Request: POST http://load/companion/v2/tasks/claim \"HTTP/1.1 200 OK\""}
{"timestamp":"2026-09-29T15:34:23.681518+00:00","level":"INFO","logger":"httpx","message":"HTTP Request: POST http://load/companion/v2/tasks/claim \"HTTP/1.1 200 OK\""}
{"timestamp":"2026-09-29T15:34:23.694292+00:00","level":"INFO","logger":"httpx","message":"HTTP Request: POST http://load/companion/v2/tasks/claim \"HTTP/1.1 200 OK\""}
{"timestamp":"2026-09-29T15:34:23.694772+00:00","level":"INFO","logger":"httpx","message":"HTTP Request: POST http://load/companion/v2/tasks/claim \"HTTP/1.1 200 OK\""}
{"timestamp":"2026-09-29T15:34:23.696308+00:00","level":"INFO","logger":"httpx","message":"HTTP Request: POST http://load/companion/v2/tasks/claim \"HTTP/1.1 200 OK\""}
{"timestamp":"2026-09-29T15:34:23.701846+00:00","level":"INFO","logger":"httpx","message":"HTTP Request: POST http://load/companion/v2/tasks/claim \"HTTP/1.1 200 OK\""}
{"timestamp":"2026-09-29T15:34:23.715390+00:00","level":"INFO","logger":"httpx","message":"HTTP Request: POST http://load/companion/v2/tasks/claim \"HTTP/1.1 200 OK\""}
{"timestamp":"2026-09-29T15:34:23.722708+00:00","level":"INFO","logger":"httpx","message":"HTTP Request: POST http://load/companion/v2/tasks/claim \"HTTP/1.1 200 OK\""}
{"timestamp":"2026-09-29T15:34:23.735370+00:00","level":"INFO","logger":"httpx","message":"HTTP Request: POST http://load/companion/v2/tasks/claim \"HTTP/1.1 200 OK\""}
{"timestamp":"2026-09-29T15:34:23.744471+00:00","level":"INFO","logger":"httpx","message":"HTTP Request: POST http://load/companion/v2/tasks/claim \"HTTP/1.1 200 OK\""}
{"timestamp":"2026-09-29T15:34:23.755298+00:00","level":"INFO","logger":"httpx","message":"HTTP Request: POST http://load/companion/v2/tasks/claim \"HTTP/1.1 200 OK\""}
{"timestamp":"2026-09-29T15:34:23.756985+00:00","level":"INFO","logger":"httpx","message":"HTTP Request: POST http://load/companion/v2/tasks/claim \"HTTP/1.1 200 OK\""}
{"timestamp":"2026-09-29T15:34:23.778609+00:00","level":"INFO","logger":"httpx","message":"HTTP Request: POST http://load/companion/v2/tasks/claim \"HTTP/1.1 200 OK\""}
{"timestamp":"2026-09-29T15:34:23.781773+00:00","level":"INFO","logger":"httpx","message":"HTTP Request: POST http://load/companion/v2/tasks/claim \"HTTP/1.1 200 OK\""}
{"timestamp":"2026-09-29T15:34:23.796116+00:00","level":"INFO","logger":"httpx","message":"HTTP Request: POST http://load/companion/v2/tasks/claim \"HTTP/1.1 200 OK\""}
{"timestamp":"2026-09-29T15:34:23.796665+00:00","level":"INFO","logger":"httpx","message":"HTTP Request: POST http://load/companion/v2/tasks/claim \"HTTP/1.1 200 OK\""}
{"timestamp":"2026-09-29T15:34:23.798319+00:00","level":"INFO","logger":"httpx","message":"HTTP Request: POST http://load/companion/v2/tasks/claim \"HTTP/1.1 200 OK\""}
{"timestamp":"2026-09-29T15:34:23.798758+00:00","level":"INFO","logger":"httpx","message":"HTTP Request: POST http://load/companion/v2/tasks/claim \"HTTP/1.1 200 OK\""}
{"timestamp":"2026-09-29T15:34:23.804851+00:00","level":"INFO","logger":"httpx","message":"HTTP Request: POST http://load/companion/v2/tasks/claim \"HTTP/1.1 200 OK\""}
{"timestamp":"2026-09-29T15:34:23.806351+00:00","level":"INFO","logger":"httpx","message":"HTTP Request: POST http://load/companion/v2/tasks/claim \"HTTP/1.1 200 OK\""}
{"timestamp":"2026-09-29T15:34:23.806700+00:00","level":"INFO","logger":"httpx","message":"HTTP Request: POST http://load/companion/v2/tasks/claim \"HTTP/1.1 200 OK\""}
{"timestamp":"2026-09-29T15:34:23.809721+00:00","level":"INFO","logger":"httpx","message":"HTTP Request: POST http://load/companion/v2/tasks/claim \"HTTP/1.1 200 OK\""}
{"timestamp":"2026-09-29T15:34:23.814297+00:00","level":"INFO","logger":"httpx","message":"HTTP Request: POST http://load/companion/v2/tasks/claim \"HTTP/1.1 200 OK\""}
{"timestamp":"2026-09-29T15:34:23.824623+00:00","level":"INFO","logger":"httpx","message":"HTTP Request: POST http://load/companion/v2/tasks/claim \"HTTP/1.1 200 OK\""}
{"timestamp":"2026-09-29T15:34:23.838309+00:00","level":"INFO","logger":"httpx","message":"HTTP Request: POST http://load/companion/v2/tasks/claim \"HTTP/1.1 200 OK\""}
{"timestamp":"2026-09-29T15:34:23.842816+00:00","level":"INFO","logger":"httpx","message":"HTTP Request: POST http://load/companion/v2/tasks/claim \"HTTP/1.1 200 OK\""}
{"timestamp":"2026-09-29T15:34:23.847859+00:00","level":"INFO","logger":"httpx","message":"HTTP Request: POST http://load/companion/v2/tasks/claim \"HTTP/1.1 200 OK\""}
{"timestamp":"2026-09-29T15:34:23.849509+00:00","level":"INFO","logger":"httpx","message":"HTTP Request: POST http://load/companion/v2/tasks/claim \"HTTP/1.1 200 OK\""}
{"timestamp":"2026-09-29T15:34:23.854875+00:00","level":"INFO","logger":"httpx","message":"HTTP Request: POST http://load/companion/v2/tasks/claim \"HTTP/1.1 200 OK\""}
{"timestamp":"2026-09-29T15:34:23.859701+00:00","level":"INFO","logger":"httpx","message":"HTTP Request: POST http://load/companion/v2/tasks/claim \"HTTP/1.1 200 OK\""}
{"timestamp":"2026-09-29T15:34:23.860181+00:00","level":"INFO","logger":"httpx","message":"HTTP Request: POST http://load/companion/v2/tasks/claim \"HTTP/1.1 200 OK\""}
{"timestamp":"2026-09-29T15:34:23.863904+00:00","level":"INFO","logger":"httpx","message":"HTTP Request: POST http://load/companion/v2/tasks/claim \"HTTP/1.1 200 OK\""}
{"timestamp":"2026-09-29T15:34:23.873012+00:00","level":"INFO","logger":"httpx","message":"HTTP Request: POST http://load/companion/v2/tasks/claim \"HTTP/1.1 200 OK\""}
{"timestamp":"2026-09-29T15:34:23.874314+00:00","level":"INFO","logger":"httpx","message":"HTTP Request: POST http://load/companion/v2/tasks/claim \"HTTP/1.1 200 OK\""}
{"timestamp":"2026-09-29T15:34:23.881408+00:00","level":"INFO","logger":"httpx","message":"HTTP Request: POST http://load/companion/v2/tasks/claim \"HTTP/1.1 200 OK\""}
{"timestamp":"2026-09-29T15:34:23.892103+00:00","level":"INFO","logger":"httpx","message":"HTTP Request: POST http://load/companion/v2/tasks/fc503049-c2a7-42dc-8e45-cc68dcdb468d/events \"HTTP/1.1 201 Created\""}
{"timestamp":"2026-09-29T15:34:23.895560+00:00","level":"INFO","logger":"httpx","message":"HTTP Request: POST http://load/companion/v2/tasks/bb07ad21-7f63-4cff-b4e3-0841030dfcbb/events \"HTTP/1.1 201 Created\""}
{"timestamp":"2026-09-29T15:34:23.903138+00:00","level":"INFO","logger":"httpx","message":"HTTP Request: POST http://load/companion/v2/tasks/claim \"HTTP/1.1 200 OK\""}
{"timestamp":"2026-09-29T15:34:23.903604+00:00","level":"INFO","logger":"httpx","message":"HTTP Request: POST http://load/companion/v2/tasks/c0e102f9-452a-4ca9-be88-7095c90d2b09/events \"HTTP/1.1 201 Created\""}
{"timestamp":"2026-09-29T15:34:23.904964+00:00","level":"INFO","logger":"httpx","message":"HTTP Request: POST http://load/companion/v2/tasks/claim \"HTTP/1.1 200 OK\""}
{"timestamp":"2026-09-29T15:34:23.906956+00:00","level":"INFO","logger":"httpx","message":"HTTP Request: POST http://load/companion/v2/tasks/claim \"HTTP/1.1 200 OK\""}
{"timestamp":"2026-09-29T15:34:23.907503+00:00","level":"INFO","logger":"httpx","message":"HTTP Request: POST http://load/companion/v2/tasks/claim \"HTTP/1.1 200 OK\""}
{"timestamp":"2026-09-29T15:34:23.914347+00:00","level":"INFO","logger":"httpx","message":"HTTP Request: POST http://load/companion/v2/tasks/9ea76a1b-6f77-4f14-b043-7262e4e5c06b/events \"HTTP/1.1 201 Created\""}
{"timestamp":"2026-09-29T15:34:23.917546+00:00","level":"INFO","logger":"httpx","message":"HTTP Request: POST http://load/companion/v2/tasks/claim \"HTTP/1.1 200 OK\""}
{"timestamp":"2026-09-29T15:34:23.923676+00:00","level":"INFO","logger":"httpx","message":"HTTP Request: POST http://load/companion/v2/tasks/claim \"HTTP/1.1 200 OK\""}
{"timestamp":"2026-09-29T15:34:23.937172+00:00","level":"INFO","logger":"httpx","message":"HTTP Request: POST http://load/companion/v2/tasks/cac31389-4b9f-4b9c-a9c5-04576f483ddf/events \"HTTP/1.1 201 Created\""}
{"timestamp":"2026-09-29T15:34:23.960057+00:00","level":"INFO","logger":"httpx","message":"HTTP Request: POST http://load/companion/v2/tasks/claim \"HTTP/1.1 200 OK\""}
{"timestamp":"2026-09-29T15:34:23.964584+00:00","level":"INFO","logger":"httpx","message":"HTTP Request: POST http://load/companion/v2/tasks/79bf172e-045d-4924-8b15-daed82e3734f/events \"HTTP/1.1 201 Created\""}
{"timestamp":"2026-09-29T15:34:23.967323+00:00","level":"INFO","logger":"httpx","message":"HTTP Request: POST http://load/companion/v2/tasks/claim \"HTTP/1.1 200 OK\""}
{"timestamp":"2026-09-29T15:34:23.969092+00:00","level":"INFO","logger":"httpx","message":"HTTP Request: POST http://load/companion/v2/tasks/claim \"HTTP/1.1 200 OK\""}
{"timestamp":"2026-09-29T15:34:23.969458+00:00","level":"INFO","logger":"httpx","message":"HTTP Request: POST http://load/companion/v2/tasks/claim \"HTTP/1.1 200 OK\""}
{"timestamp":"2026-09-29T15:34:23.969749+00:00","level":"INFO","logger":"httpx","message":"HTTP Request: POST http://load/companion/v2/tasks/claim \"HTTP/1.1 200 OK\""}
{"timestamp":"2026-09-29T15:34:23.972678+00:00","level":"INFO","logger":"httpx","message":"HTTP Request: POST http://load/companion/v2/tasks/claim \"HTTP/1.1 200 OK\""}
{"timestamp":"2026-09-29T15:34:23.982327+00:00","level":"INFO","logger":"httpx","message":"HTTP Request: POST http://load/companion/v2/tasks/2e239a97-654d-456c-9569-8fa02d130c20/events \"HTTP/1.1 201 Created\""}
{"timestamp":"2026-09-29T15:34:23.982801+00:00","level":"INFO","logger":"httpx","message":"HTTP Request: POST http://load/companion/v2/tasks/claim \"HTTP/1.1 200 OK\""}
{"timestamp":"2026-09-29T15:34:23.987347+00:00","level":"INFO","logger":"httpx","message":"HTTP Request: POST http://load/companion/v2/tasks/claim \"HTTP/1.1 200 OK\""}
{"timestamp":"2026-09-29T15:34:24.036710+00:00","level":"INFO","logger":"httpx","message":"HTTP Request: POST http://load/companion/v2/tasks/claim \"HTTP/1.1 200 OK\""}
{"timestamp":"2026-09-29T15:34:24.044945+00:00","level":"INFO","logger":"httpx","message":"HTTP Request: POST http://load/companion/v2/tasks/claim \"HTTP/1.1 200 OK\""}
{"timestamp":"2026-09-29T15:34:24.054610+00:00","level":"INFO","logger":"httpx","message":"HTTP Request: POST http://load/companion/v2/tasks/5478f3c9-655c-459b-b262-f93c3d7c81e5/events \"HTTP/1.1 201 Created\""}
{"timestamp":"2026-09-29T15:34:24.059851+00:00","level":"INFO","logger":"httpx","message":"HTTP Request: POST http://load/companion/v2/tasks/claim \"HTTP/1.1 200 OK\""}
{"timestamp":"2026-09-29T15:34:24.061187+00:00","level":"INFO","logger":"httpx","message":"HTTP Request: POST http://load/companion/v2/tasks/claim \"HTTP/1.1 200 OK\""}
{"timestamp":"2026-09-29T15:34:24.067744+00:00","level":"INFO","logger":"httpx","message":"HTTP Request: POST http://load/companion/v2/tasks/claim \"HTTP/1.1 200 OK\""}
{"timestamp":"2026-09-29T15:34:24.071367+00:00","level":"INFO","logger":"httpx","message":"HTTP Request: POST http://load/companion/v2/tasks/claim \"HTTP/1.1 200 OK\""}
{"timestamp":"2026-09-29T15:34:24.072954+00:00","level":"INFO","logger":"httpx","message":"HTTP Request: POST http://load/companion/v2/tasks/claim \"HTTP/1.1 200 OK\""}
{"timestamp":"2026-09-29T15:34:24.074270+00:00","level":"INFO","logger":"httpx","message":"HTTP Request: POST http://load/companion/v2/tasks/claim \"HTTP/1.1 200 OK\""}
{"timestamp":"2026-09-29T15:34:24.074633+00:00","level":"INFO","logger":"httpx","message":"HTTP Request: POST http://load/companion/v2/tasks/claim \"HTTP/1.1 200 OK\""}
{"timestamp":"2026-09-29T15:34:24.074908+00:00","level":"INFO","logger":"httpx","message":"HTTP Request: POST http://load/companion/v2/tasks/claim \"HTTP/1.1 200 OK\""}
{"timestamp":"2026-09-29T15:34:24.087325+00:00","level":"INFO","logger":"httpx","message":"HTTP Request: POST http://load/companion/v2/tasks/claim \"HTTP/1.1 200 OK\""}
{"timestamp":"2026-09-29T15:34:24.090084+00:00","level":"INFO","logger":"httpx","message":"HTTP Request: POST http://load/companion/v2/tasks/claim \"HTTP/1.1 200 OK\""}
{"timestamp":"2026-09-29T15:34:24.097279+00:00","level":"INFO","logger":"httpx","message":"HTTP Request: POST http://load/companion/v2/tasks/3aeeebf3-3f30-45ff-8fbe-9ff0d0f736fe/events \"HTTP/1.1 201 Created\""}
{"timestamp":"2026-09-29T15:34:24.105185+00:00","level":"INFO","logger":"httpx","message":"HTTP Request: POST http://load/companion/v2/tasks/claim \"HTTP/1.1 200 OK\""}
{"timestamp":"2026-09-29T15:34:24.105660+00:00","level":"INFO","logger":"httpx","message":"HTTP Request: POST http://load/companion/v2/tasks/79bf172e-045d-4924-8b15-daed82e3734f/complete \"HTTP/1.1 200 OK\""}
{"timestamp":"2026-09-29T15:34:24.107069+00:00","level":"INFO","logger":"httpx","message":"HTTP Request: POST http://load/companion/v2/tasks/claim \"HTTP/1.1 200 OK\""}
{"timestamp":"2026-09-29T15:34:24.110044+00:00","level":"INFO","logger":"httpx","message":"HTTP Request: POST http://load/companion/v2/tasks/claim \"HTTP/1.1 200 OK\""}
{"timestamp":"2026-09-29T15:34:24.112849+00:00","level":"INFO","logger":"httpx","message":"HTTP Request: POST http://load/companion/v2/tasks/ac39302f-8328-436e-b531-bb5af7e1da2f/events \"HTTP/1.1 201 Created\""}
{"timestamp":"2026-09-29T15:34:24.113240+00:00","level":"INFO","logger":"httpx","message":"HTTP Request: POST http://load/companion/v2/tasks/661c4283-838b-4c31-b629-ab74b9b02c1c/events \"HTTP/1.1 201 Created\""}
{"timestamp":"2026-09-29T15:34:24.117660+00:00","level":"INFO","logger":"httpx","message":"HTTP Request: POST http://load/companion/v2/tasks/claim \"HTTP/1.1 200 OK\""}
{"timestamp":"2026-09-29T15:34:24.118060+00:00","level":"INFO","logger":"httpx","message":"HTTP Request: POST http://load/companion/v2/tasks/claim \"HTTP/1.1 200 OK\""}
{"timestamp":"2026-09-29T15:34:24.127848+00:00","level":"INFO","logger":"httpx","message":"HTTP Request: POST http://load/companion/v2/tasks/6e4a6b94-f682-41a5-9eb7-98192945ea96/events \"HTTP/1.1 201 Created\""}
{"timestamp":"2026-09-29T15:34:24.136474+00:00","level":"INFO","logger":"httpx","message":"HTTP Request: POST http://load/companion/v2/tasks/9bff8a6c-53c3-4c44-8026-314ee65404b4/events \"HTTP/1.1 201 Created\""}
{"timestamp":"2026-09-29T15:34:24.137017+00:00","level":"INFO","logger":"httpx","message":"HTTP Request: POST http://load/companion/v2/tasks/claim \"HTTP/1.1 200 OK\""}
{"timestamp":"2026-09-29T15:34:24.146674+00:00","level":"INFO","logger":"httpx","message":"HTTP Request: POST http://load/companion/v2/tasks/30533aa6-5ac7-4eb2-90ba-77c914728dbd/events \"HTTP/1.1 201 Created\""}
{"timestamp":"2026-09-29T15:34:24.154967+00:00","level":"INFO","logger":"httpx","message":"HTTP Request: POST http://load/companion/v2/tasks/76db8c7d-b70e-4e2c-a3b2-aafb50ca7985/events \"HTTP/1.1 201 Created\""}
{"timestamp":"2026-09-29T15:34:24.156585+00:00","level":"INFO","logger":"httpx","message":"HTTP Request: POST http://load/companion/v2/tasks/71d27d08-a3a4-4a26-9f48-0e514b22ff06/events \"HTTP/1.1 201 Created\""}
{"timestamp":"2026-09-29T15:34:24.156994+00:00","level":"INFO","logger":"httpx","message":"HTTP Request: POST http://load/companion/v2/tasks/claim \"HTTP/1.1 200 OK\""}
{"timestamp":"2026-09-29T15:34:24.157306+00:00","level":"INFO","logger":"httpx","message":"HTTP Request: POST http://load/companion/v2/tasks/claim \"HTTP/1.1 200 OK\""}
{"timestamp":"2026-09-29T15:34:24.163704+00:00","level":"INFO","logger":"httpx","message":"HTTP Request: POST http://load/companion/v2/tasks/63482bca-f3f1-4de6-9511-73bc766c9df2/events \"HTTP/1.1 201 Created\""}
{"timestamp":"2026-09-29T15:34:24.167251+00:00","level":"INFO","logger":"httpx","message":"HTTP Request: POST http://load/companion/v2/tasks/claim \"HTTP/1.1 200 OK\""}
{"timestamp":"2026-09-29T15:34:24.167644+00:00","level":"INFO","logger":"httpx","message":"HTTP Request: POST http://load/companion/v2/tasks/claim \"HTTP/1.1 200 OK\""}
{"timestamp":"2026-09-29T15:34:24.169379+00:00","level":"INFO","logger":"httpx","message":"HTTP Request: POST http://load/companion/v2/tasks/claim \"HTTP/1.1 200 OK\""}
{"timestamp":"2026-09-29T15:34:24.172665+00:00","level":"INFO","logger":"httpx","message":"HTTP Request: POST http://load/companion/v2/tasks/593da39d-1eec-4a5d-a084-1ddf10595c5a/events \"HTTP/1.1 201 Created\""}
{"timestamp":"2026-09-29T15:34:24.178325+00:00","level":"INFO","logger":"httpx","message":"HTTP Request: POST http://load/companion/v2/tasks/7fdb0f18-943f-47ed-9f7f-b592c6441d98/events \"HTTP/1.1 201 Created\""}
{"timestamp":"2026-09-29T15:34:24.178740+00:00","level":"INFO","logger":"httpx","message":"HTTP Request: POST http://load/companion/v2/tasks/e81c9ae9-dfdf-45dc-9195-225468a6cf2e/events \"HTTP/1.1 201 Created\""}
{"timestamp":"2026-09-29T15:34:24.179030+00:00","level":"INFO","logger":"httpx","message":"HTTP Request: POST http://load/companion/v2/tasks/claim \"HTTP/1.1 200 OK\""}
{"timestamp":"2026-09-29T15:34:24.191783+00:00","level":"INFO","logger":"httpx","message":"HTTP Request: POST http://load/companion/v2/tasks/claim \"HTTP/1.1 200 OK\""}
{"timestamp":"2026-09-29T15:34:24.195382+00:00","level":"INFO","logger":"httpx","message":"HTTP Request: POST http://load/companion/v2/tasks/eb3f00ec-7a5a-4247-be4c-a3ae759ab42f/events \"HTTP/1.1 201 Created\""}
{"timestamp":"2026-09-29T15:34:24.195757+00:00","level":"INFO","logger":"httpx","message":"HTTP Request: POST http://load/companion/v2/tasks/880e3964-6055-4aea-9caf-ea04a697a81d/events \"HTTP/1.1 201 Created\""}
{"timestamp":"2026-09-29T15:34:24.205535+00:00","level":"INFO","logger":"httpx","message":"HTTP Request: POST http://load/companion/v2/tasks/claim \"HTTP/1.1 200 OK\""}
{"timestamp":"2026-09-29T15:34:24.205975+00:00","level":"INFO","logger":"httpx","message":"HTTP Request: POST http://load/companion/v2/tasks/claim \"HTTP/1.1 200 OK\""}
{"timestamp":"2026-09-29T15:34:24.209257+00:00","level":"INFO","logger":"httpx","message":"HTTP Request: POST http://load/companion/v2/tasks/claim \"HTTP/1.1 200 OK\""}
{"timestamp":"2026-09-29T15:34:24.209615+00:00","level":"INFO","logger":"httpx","message":"HTTP Request: POST http://load/companion/v2/tasks/claim \"HTTP/1.1 200 OK\""}
{"timestamp":"2026-09-29T15:34:24.215752+00:00","level":"INFO","logger":"httpx","message":"HTTP Request: POST http://load/companion/v2/tasks/82b3ea26-86bc-4eeb-be92-e7a609aa4412/events \"HTTP/1.1 201 Created\""}
{"timestamp":"2026-09-29T15:34:24.216193+00:00","level":"INFO","logger":"httpx","message":"HTTP Request: POST http://load/companion/v2/tasks/0493cab3-4970-465d-a7b0-3c155fcaf01c/events \"HTTP/1.1 201 Created\""}
{"timestamp":"2026-09-29T15:34:24.221573+00:00","level":"INFO","logger":"httpx","message":"HTTP Request: POST http://load/companion/v2/tasks/claim \"HTTP/1.1 200 OK\""}
{"timestamp":"2026-09-29T15:34:24.225793+00:00","level":"INFO","logger":"httpx","message":"HTTP Request: POST http://load/companion/v2/tasks/bb07ad21-7f63-4cff-b4e3-0841030dfcbb/complete \"HTTP/1.1 200 OK\""}
{"timestamp":"2026-09-29T15:34:24.230818+00:00","level":"INFO","logger":"httpx","message":"HTTP Request: POST http://load/companion/v2/tasks/9ea76a1b-6f77-4f14-b043-7262e4e5c06b/complete \"HTTP/1.1 200 OK\""}
{"timestamp":"2026-09-29T15:34:24.234279+00:00","level":"INFO","logger":"httpx","message":"HTTP Request: POST http://load/companion/v2/tasks/3c935689-c333-4ee0-98d5-9ad77b434d6a/events \"HTTP/1.1 201 Created\""}
{"timestamp":"2026-09-29T15:34:24.234723+00:00","level":"INFO","logger":"httpx","message":"HTTP Request: POST http://load/companion/v2/tasks/claim \"HTTP/1.1 200 OK\""}
{"timestamp":"2026-09-29T15:34:24.239645+00:00","level":"INFO","logger":"httpx","message":"HTTP Request: POST http://load/companion/v2/tasks/cac31389-4b9f-4b9c-a9c5-04576f483ddf/complete \"HTTP/1.1 200 OK\""}
{"timestamp":"2026-09-29T15:34:24.246761+00:00","level":"INFO","logger":"httpx","message":"HTTP Request: POST http://load/companion/v2/tasks/7fdb0f18-943f-47ed-9f7f-b592c6441d98/complete \"HTTP/1.1 200 OK\""}
{"timestamp":"2026-09-29T15:34:24.246878+00:00","level":"INFO","logger":"httpx","message":"HTTP Request: POST http://load/companion/v2/tasks/f5a630a9-f99a-4ea1-96ec-9f26eb9e9493/events \"HTTP/1.1 201 Created\""}
{"timestamp":"2026-09-29T15:34:24.249978+00:00","level":"INFO","logger":"httpx","message":"HTTP Request: POST http://load/companion/v2/tasks/claim \"HTTP/1.1 200 OK\""}
{"timestamp":"2026-09-29T15:34:24.250375+00:00","level":"INFO","logger":"httpx","message":"HTTP Request: POST http://load/companion/v2/tasks/bc9f1921-cc1f-4ecf-a2f6-a379fce06d97/events \"HTTP/1.1 201 Created\""}
{"timestamp":"2026-09-29T15:34:24.251796+00:00","level":"INFO","logger":"httpx","message":"HTTP Request: POST http://load/companion/v2/tasks/ab88f203-1ac9-486b-8131-4acab11582c6/events \"HTTP/1.1 201 Created\""}
{"timestamp":"2026-09-29T15:34:24.264936+00:00","level":"INFO","logger":"httpx","message":"HTTP Request: POST http://load/companion/v2/tasks/c0d31b8c-8b0e-481e-848a-750409e985a1/events \"HTTP/1.1 201 Created\""}
{"timestamp":"2026-09-29T15:34:24.265397+00:00","level":"INFO","logger":"httpx","message":"HTTP Request: POST http://load/companion/v2/tasks/claim \"HTTP/1.1 200 OK\""}
{"timestamp":"2026-09-29T15:34:24.268858+00:00","level":"INFO","logger":"httpx","message":"HTTP Request: POST http://load/companion/v2/tasks/a89b79c4-4cab-4194-a3c9-769e040fc07f/events \"HTTP/1.1 201 Created\""}
{"timestamp":"2026-09-29T15:34:24.269280+00:00","level":"INFO","logger":"httpx","message":"HTTP Request: POST http://load/companion/v2/tasks/a0134424-4b39-4187-af8a-06e06ec267fc/events \"HTTP/1.1 201 Created\""}
{"timestamp":"2026-09-29T15:34:24.271354+00:00","level":"INFO","logger":"httpx","message":"HTTP Request: POST http://load/companion/v2/tasks/a3ded999-9507-4101-a152-07d99bd7c9a3/events \"HTTP/1.1 201 Created\""}
{"timestamp":"2026-09-29T15:34:24.271800+00:00","level":"INFO","logger":"httpx","message":"HTTP Request: POST http://load/companion/v2/tasks/a009f5dd-afcb-4375-a7a0-d3405c4065be/events \"HTTP/1.1 201 Created\""}
{"timestamp":"2026-09-29T15:34:24.272109+00:00","level":"INFO","logger":"httpx","message":"HTTP Request: POST http://load/companion/v2/tasks/claim \"HTTP/1.1 200 OK\""}
{"timestamp":"2026-09-29T15:34:24.273846+00:00","level":"INFO","logger":"httpx","message":"HTTP Request: POST http://load/companion/v2/tasks/c4a94b51-69f1-41ef-8dc2-b49c429f1654/events \"HTTP/1.1 201 Created\""}
{"timestamp":"2026-09-29T15:34:24.278629+00:00","level":"INFO","logger":"httpx","message":"HTTP Request: POST http://load/companion/v2/tasks/dd40796d-44a0-4873-9d66-369b5d8d40aa/events \"HTTP/1.1 201 Created\""}
{"timestamp":"2026-09-29T15:34:24.279039+00:00","level":"INFO","logger":"httpx","message":"HTTP Request: POST http://load/companion/v2/tasks/a759357e-492d-4ca5-8641-c55cf5c5ca61/events \"HTTP/1.1 201 Created\""}
{"timestamp":"2026-09-29T15:34:24.287169+00:00","level":"INFO","logger":"httpx","message":"HTTP Request: POST http://load/companion/v2/tasks/b77245f4-57cc-4653-81a9-7310286fa91c/events \"HTTP/1.1 201 Created\""}
{"timestamp":"2026-09-29T15:34:24.292602+00:00","level":"INFO","logger":"httpx","message":"HTTP Request: POST http://load/companion/v2/tasks/afbb9780-22a3-4a00-88ef-34865524d86d/events \"HTTP/1.1 201 Created\""}
{"timestamp":"2026-09-29T15:34:24.294674+00:00","level":"INFO","logger":"httpx","message":"HTTP Request: POST http://load/companion/v2/tasks/7c0fcaa4-51cb-49ea-a2e5-1ceecf125c27/events \"HTTP/1.1 201 Created\""}
{"timestamp":"2026-09-29T15:34:24.297507+00:00","level":"INFO","logger":"httpx","message":"HTTP Request: POST http://load/companion/v2/tasks/claim \"HTTP/1.1 200 OK\""}
{"timestamp":"2026-09-29T15:34:24.297922+00:00","level":"INFO","logger":"httpx","message":"HTTP Request: POST http://load/companion/v2/tasks/claim \"HTTP/1.1 200 OK\""}
{"timestamp":"2026-09-29T15:34:24.304524+00:00","level":"INFO","logger":"httpx","message":"HTTP Request: POST http://load/companion/v2/tasks/claim \"HTTP/1.1 200 OK\""}
{"timestamp":"2026-09-29T15:34:24.310150+00:00","level":"INFO","logger":"httpx","message":"HTTP Request: POST http://load/companion/v2/tasks/a23bb346-aeab-4f39-9ad6-cc1c30d62975/events \"HTTP/1.1 201 Created\""}
{"timestamp":"2026-09-29T15:34:24.312196+00:00","level":"INFO","logger":"httpx","message":"HTTP Request: POST http://load/companion/v2/tasks/3aeeebf3-3f30-45ff-8fbe-9ff0d0f736fe/complete \"HTTP/1.1 200 OK\""}
{"timestamp":"2026-09-29T15:34:24.313693+00:00","level":"INFO","logger":"httpx","message":"HTTP Request: POST http://load/companion/v2/tasks/a9694c0c-95e3-4235-894e-0b45efeec853/events \"HTTP/1.1 201 Created\""}
{"timestamp":"2026-09-29T15:34:24.315699+00:00","level":"INFO","logger":"httpx","message":"HTTP Request: POST http://load/companion/v2/tasks/9e6491f8-a8c6-4405-b133-4ae8b436f94d/events \"HTTP/1.1 201 Created\""}
{"timestamp":"2026-09-29T15:34:24.322990+00:00","level":"INFO","logger":"httpx","message":"HTTP Request: POST http://load/companion/v2/tasks/74c73673-fdf1-4d23-8afc-4117d5c45182/events \"HTTP/1.1 201 Created\""}
{"timestamp":"2026-09-29T15:34:24.327854+00:00","level":"INFO","logger":"httpx","message":"HTTP Request: POST http://load/companion/v2/tasks/f5a630a9-f99a-4ea1-96ec-9f26eb9e9493/complete \"HTTP/1.1 200 OK\""}
{"timestamp":"2026-09-29T15:34:24.332143+00:00","level":"INFO","logger":"httpx","message":"HTTP Request: POST http://load/companion/v2/tasks/fc503049-c2a7-42dc-8e45-cc68dcdb468d/complete \"HTTP/1.1 200 OK\""}
{"timestamp":"2026-09-29T15:34:24.332263+00:00","level":"INFO","logger":"httpx","message":"HTTP Request: POST http://load/companion/v2/tasks/6e688612-305b-4131-8806-912865d309e0/events \"HTTP/1.1 201 Created\""}
{"timestamp":"2026-09-29T15:34:24.334592+00:00","level":"INFO","logger":"httpx","message":"HTTP Request: POST http://load/companion/v2/tasks/claim \"HTTP/1.1 200 OK\""}
{"timestamp":"2026-09-29T15:34:24.334931+00:00","level":"INFO","logger":"httpx","message":"HTTP Request: POST http://load/companion/v2/tasks/6e4a6b94-f682-41a5-9eb7-98192945ea96/complete \"HTTP/1.1 200 OK\""}
{"timestamp":"2026-09-29T15:34:24.336792+00:00","level":"INFO","logger":"httpx","message":"HTTP Request: POST http://load/companion/v2/tasks/eec6ff8e-96d2-454a-afd3-5237f32348c6/events \"HTTP/1.1 201 Created\""}
{"timestamp":"2026-09-29T15:34:24.343510+00:00","level":"INFO","logger":"httpx","message":"HTTP Request: POST http://load/companion/v2/tasks/c0d31b8c-8b0e-481e-848a-750409e985a1/complete \"HTTP/1.1 200 OK\""}
{"timestamp":"2026-09-29T15:34:24.344085+00:00","level":"INFO","logger":"httpx","message":"HTTP Request: POST http://load/companion/v2/tasks/45146c48-6423-425a-b7f0-79d991de65ae/events \"HTTP/1.1 201 Created\""}
{"timestamp":"2026-09-29T15:34:24.347845+00:00","level":"INFO","logger":"httpx","message":"HTTP Request: POST http://load/companion/v2/tasks/0d60bf35-46ac-414f-92f8-2d261d83c27e/events \"HTTP/1.1 201 Created\""}
{"timestamp":"2026-09-29T15:34:24.349562+00:00","level":"INFO","logger":"httpx","message":"HTTP Request: POST http://load/companion/v2/tasks/3cfc0c3e-6665-407a-a936-5bf70f72947f/events \"HTTP/1.1 201 Created\""}
{"timestamp":"2026-09-29T15:34:24.351257+00:00","level":"INFO","logger":"httpx","message":"HTTP Request: POST http://load/companion/v2/tasks/5a56714e-d138-4699-8a63-a52c7ba9755b/events \"HTTP/1.1 201 Created\""}
{"timestamp":"2026-09-29T15:34:24.352261+00:00","level":"INFO","logger":"httpx","message":"HTTP Request: POST http://load/companion/v2/tasks/f8622376-15c0-4e39-a689-ff087addc811/events \"HTTP/1.1 201 Created\""}
{"timestamp":"2026-09-29T15:34:24.355345+00:00","level":"INFO","logger":"httpx","message":"HTTP Request: POST http://load/companion/v2/tasks/claim \"HTTP/1.1 200 OK\""}
{"timestamp":"2026-09-29T15:34:24.358532+00:00","level":"INFO","logger":"httpx","message":"HTTP Request: POST http://load/companion/v2/tasks/5eefc67f-bcbe-48b1-80d5-be424b015260/events \"HTTP/1.1 201 Created\""}
{"timestamp":"2026-09-29T15:34:24.359668+00:00","level":"INFO","logger":"httpx","message":"HTTP Request: POST http://load/companion/v2/tasks/593da39d-1eec-4a5d-a084-1ddf10595c5a/complete \"HTTP/1.1 200 OK\""}
{"timestamp":"2026-09-29T15:34:24.360993+00:00","level":"INFO","logger":"httpx","message":"HTTP Request: POST http://load/companion/v2/tasks/claim \"HTTP/1.1 200 OK\""}
{"timestamp":"2026-09-29T15:34:24.364206+00:00","level":"INFO","logger":"httpx","message":"HTTP Request: POST http://load/companion/v2/tasks/e81c9ae9-dfdf-45dc-9195-225468a6cf2e/complete \"HTTP/1.1 200 OK\""}
{"timestamp":"2026-09-29T15:34:24.364325+00:00","level":"INFO","logger":"httpx","message":"HTTP Request: POST http://load/companion/v2/tasks/claim \"HTTP/1.1 200 OK\""}
{"timestamp":"2026-09-29T15:34:24.367595+00:00","level":"INFO","logger":"httpx","message":"HTTP Request: POST http://load/companion/v2/tasks/a9758096-9f63-4bd1-a96c-c2e6dd6d884b/events \"HTTP/1.1 201 Created\""}
{"timestamp":"2026-09-29T15:34:24.368885+00:00","level":"INFO","logger":"httpx","message":"HTTP Request: POST http://load/companion/v2/tasks/f9a43d35-b102-4fc8-bccc-8a409a71b70d/events \"HTTP/1.1 201 Created\""}
{"timestamp":"2026-09-29T15:34:24.371293+00:00","level":"INFO","logger":"httpx","message":"HTTP Request: POST http://load/companion/v2/tasks/0c646913-b031-49a9-8276-b383a81b9358/events \"HTTP/1.1 201 Created\""}
{"timestamp":"2026-09-29T15:34:24.374710+00:00","level":"INFO","logger":"httpx","message":"HTTP Request: POST http://load/companion/v2/tasks/4d2e62fe-d9b0-4095-869b-6db910fd1926/events \"HTTP/1.1 201 Created\""}
{"timestamp":"2026-09-29T15:34:24.381350+00:00","level":"INFO","logger":"httpx","message":"HTTP Request: POST http://load/companion/v2/tasks/ca1bec99-629f-411d-a9bd-af859b209112/events \"HTTP/1.1 201 Created\""}
{"timestamp":"2026-09-29T15:34:24.384377+00:00","level":"INFO","logger":"httpx","message":"HTTP Request: POST http://load/companion/v2/tasks/eb3f00ec-7a5a-4247-be4c-a3ae759ab42f/complete \"HTTP/1.1 200 OK\""}
{"timestamp":"2026-09-29T15:34:24.384496+00:00","level":"INFO","logger":"httpx","message":"HTTP Request: POST http://load/companion/v2/tasks/83deca91-a0fa-4e10-b2b6-f37f5b30f324/events \"HTTP/1.1 201 Created\""}
{"timestamp":"2026-09-29T15:34:24.384833+00:00","level":"INFO","logger":"httpx","message":"HTTP Request: POST http://load/companion/v2/tasks/5dda005a-7e56-424c-913a-d82b09e15f94/events \"HTTP/1.1 201 Created\""}
{"timestamp":"2026-09-29T15:34:24.389090+00:00","level":"INFO","logger":"httpx","message":"HTTP Request: POST http://load/companion/v2/tasks/880e3964-6055-4aea-9caf-ea04a697a81d/complete \"HTTP/1.1 200 OK\""}
{"timestamp":"2026-09-29T15:34:24.389191+00:00","level":"INFO","logger":"httpx","message":"HTTP Request: POST http://load/companion/v2/tasks/393ee9a4-ee8d-4238-ae83-83c6651d326d/events \"HTTP/1.1 201 Created\""}
{"timestamp":"2026-09-29T15:34:24.396311+00:00","level":"INFO","logger":"httpx","message":"HTTP Request: POST http://load/companion/v2/tasks/cbafe023-d7e6-49c3-9501-986568cd3d8d/events \"HTTP/1.1 201 Created\""}
{"timestamp":"2026-09-29T15:34:24.399050+00:00","level":"INFO","logger":"httpx","message":"HTTP Request: POST http://load/companion/v2/tasks/51ca5c56-f9b1-49a4-bea0-d74bd37f7f9d/events \"HTTP/1.1 201 Created\""}
{"timestamp":"2026-09-29T15:34:24.399394+00:00","level":"INFO","logger":"httpx","message":"HTTP Request: POST http://load/companion/v2/tasks/claim \"HTTP/1.1 200 OK\""}
{"timestamp":"2026-09-29T15:34:24.403857+00:00","level":"INFO","logger":"httpx","message":"HTTP Request: POST http://load/companion/v2/tasks/5694b942-080f-4ba7-8b7a-54de8d7adc41/events \"HTTP/1.1 201 Created\""}
{"timestamp":"2026-09-29T15:34:24.404268+00:00","level":"INFO","logger":"httpx","message":"HTTP Request: POST http://load/companion/v2/tasks/b52f6d5b-6224-49c9-8a80-f50b09193b67/events \"HTTP/1.1 201 Created\""}
{"timestamp":"2026-09-29T15:34:24.414052+00:00","level":"INFO","logger":"httpx","message":"HTTP Request: POST http://load/companion/v2/tasks/8299b890-9864-4746-b007-34798f3ddf96/events \"HTTP/1.1 201 Created\""}
{"timestamp":"2026-09-29T15:34:24.416483+00:00","level":"INFO","logger":"httpx","message":"HTTP Request: POST http://load/companion/v2/tasks/0d60bf35-46ac-414f-92f8-2d261d83c27e/complete \"HTTP/1.1 200 OK\""}
{"timestamp":"2026-09-29T15:34:24.417740+00:00","level":"INFO","logger":"httpx","message":"HTTP Request: POST http://load/companion/v2/tasks/ca2a8f7c-c294-4ae0-a9db-c8c624d528d9/events \"HTTP/1.1 201 Created\""}
{"timestamp":"2026-09-29T15:34:24.419985+00:00","level":"INFO","logger":"httpx","message":"HTTP Request: POST http://load/companion/v2/tasks/6cb2d680-5a02-4c6f-a36f-319de30fa5dc/events \"HTTP/1.1 201 Created\""}
{"timestamp":"2026-09-29T15:34:24.423268+00:00","level":"INFO","logger":"httpx","message":"HTTP Request: POST http://load/companion/v2/tasks/ac39302f-8328-436e-b531-bb5af7e1da2f/complete \"HTTP/1.1 200 OK\""}
{"timestamp":"2026-09-29T15:34:24.423392+00:00","level":"INFO","logger":"httpx","message":"HTTP Request: POST http://load/companion/v2/tasks/661c4283-838b-4c31-b629-ab74b9b02c1c/complete \"HTTP/1.1 200 OK\""}
{"timestamp":"2026-09-29T15:34:24.424670+00:00","level":"INFO","logger":"httpx","message":"HTTP Request: POST http://load/companion/v2/tasks/c75c714b-cf9f-444a-8aba-a6de2e725b5e/events \"HTTP/1.1 201 Created\""}
{"timestamp":"2026-09-29T15:34:24.427489+00:00","level":"INFO","logger":"httpx","message":"HTTP Request: POST http://load/companion/v2/tasks/a9758096-9f63-4bd1-a96c-c2e6dd6d884b/complete \"HTTP/1.1 200 OK\""}
{"timestamp":"2026-09-29T15:34:24.433296+00:00","level":"INFO","logger":"httpx","message":"HTTP Request: POST http://load/companion/v2/tasks/c0e102f9-452a-4ca9-be88-7095c90d2b09/complete \"HTTP/1.1 200 OK\""}
{"timestamp":"2026-09-29T15:34:24.434573+00:00","level":"INFO","logger":"httpx","message":"HTTP Request: POST http://load/companion/v2/tasks/9bff8a6c-53c3-4c44-8026-314ee65404b4/complete \"HTTP/1.1 200 OK\""}
{"timestamp":"2026-09-29T15:34:24.435457+00:00","level":"INFO","logger":"httpx","message":"HTTP Request: POST http://load/companion/v2/tasks/30533aa6-5ac7-4eb2-90ba-77c914728dbd/complete \"HTTP/1.1 200 OK\""}
{"timestamp":"2026-09-29T15:34:24.436291+00:00","level":"INFO","logger":"httpx","message":"HTTP Request: POST http://load/companion/v2/tasks/66616844-d756-4fc9-b508-fde4f10c790a/events \"HTTP/1.1 201 Created\""}
{"timestamp":"2026-09-29T15:34:24.439271+00:00","level":"INFO","logger":"httpx","message":"HTTP Request: POST http://load/companion/v2/tasks/bc20260d-9a04-4493-861d-a6e97e5a6210/events \"HTTP/1.1 201 Created\""}
{"timestamp":"2026-09-29T15:34:24.439636+00:00","level":"INFO","logger":"httpx","message":"HTTP Request: POST http://load/companion/v2/tasks/da3dbc13-e050-43b9-8362-f09674c34102/events \"HTTP/1.1 201 Created\""}
{"timestamp":"2026-09-29T15:34:24.440887+00:00","level":"INFO","logger":"httpx","message":"HTTP Request: POST http://load/companion/v2/tasks/a3ded999-9507-4101-a152-07d99bd7c9a3/complete \"HTTP/1.1 200 OK\""}
{"timestamp":"2026-09-29T15:34:24.447532+00:00","level":"INFO","logger":"httpx","message":"HTTP Request: POST http://load/companion/v2/tasks/71d27d08-a3a4-4a26-9f48-0e514b22ff06/complete \"HTTP/1.1 200 OK\""}
{"timestamp":"2026-09-29T15:34:24.447678+00:00","level":"INFO","logger":"httpx","message":"HTTP Request: POST http://load/companion/v2/tasks/30679b53-0e6e-451e-bb78-fcb3a507341a/events \"HTTP/1.1 201 Created\""}
{"timestamp":"2026-09-29T15:34:24.453120+00:00","level":"INFO","logger":"httpx","message":"HTTP Request: POST http://load/companion/v2/tasks/efd0bac8-5d14-4604-9c86-3325e2ac03cf/events \"HTTP/1.1 201 Created\""}
{"timestamp":"2026-09-29T15:34:24.455369+00:00","level":"INFO","logger":"httpx","message":"HTTP Request: POST http://load/companion/v2/tasks/2e239a97-654d-456c-9569-8fa02d130c20/complete \"HTTP/1.1 200 OK\""}
{"timestamp":"2026-09-29T15:34:24.455477+00:00","level":"INFO","logger":"httpx","message":"HTTP Request: POST http://load/companion/v2/tasks/2fd9a9ce-de4c-45c7-839d-249bb81f4733/events \"HTTP/1.1 201 Created\""}
{"timestamp":"2026-09-29T15:34:24.457075+00:00","level":"INFO","logger":"httpx","message":"HTTP Request: POST http://load/companion/v2/tasks/778744f7-5151-4aa7-93eb-514aafa8b9ec/events \"HTTP/1.1 201 Created\""}
{"timestamp":"2026-09-29T15:34:24.459516+00:00","level":"INFO","logger":"httpx","message":"HTTP Request: POST http://load/companion/v2/tasks/a9694c0c-95e3-4235-894e-0b45efeec853/complete \"HTTP/1.1 200 OK\""}
{"timestamp":"2026-09-29T15:34:24.461384+00:00","level":"INFO","logger":"httpx","message":"HTTP Request: POST http://load/companion/v2/tasks/9e6491f8-a8c6-4405-b133-4ae8b436f94d/complete \"HTTP/1.1 200 OK\""}
{"timestamp":"2026-09-29T15:34:24.463554+00:00","level":"INFO","logger":"httpx","message":"HTTP Request: POST http://load/companion/v2/tasks/e569ceb4-9784-4d99-ad64-7250b633964d/events \"HTTP/1.1 201 Created\""}
{"timestamp":"2026-09-29T15:34:24.463937+00:00","level":"INFO","logger":"httpx","message":"HTTP Request: POST http://load/companion/v2/tasks/2a2e8a9e-476a-46ad-b00f-2c2b641f7487/events \"HTTP/1.1 201 Created\""}
{"timestamp":"2026-09-29T15:34:24.467457+00:00","level":"INFO","logger":"httpx","message":"HTTP Request: POST http://load/companion/v2/tasks/5478f3c9-655c-459b-b262-f93c3d7c81e5/complete \"HTTP/1.1 200 OK\""}
{"timestamp":"2026-09-29T15:34:24.468781+00:00","level":"INFO","logger":"httpx","message":"HTTP Request: POST http://load/companion/v2/tasks/65577326-bcce-418e-85f1-0d3501fd040c/events \"HTTP/1.1 201 Created\""}
{"timestamp":"2026-09-29T15:34:24.469176+00:00","level":"INFO","logger":"httpx","message":"HTTP Request: POST http://load/companion/v2/tasks/43c321eb-d031-49ca-ba54-016dd6234b58/events \"HTTP/1.1 201 Created\""}
{"timestamp":"2026-09-29T15:34:24.472362+00:00","level":"INFO","logger":"httpx","message":"HTTP Request: POST http://load/companion/v2/tasks/6c4ed798-1cd8-42c8-a1d2-934027ecd092/events \"HTTP/1.1 201 Created\""}
{"timestamp":"2026-09-29T15:34:24.472690+00:00","level":"INFO","logger":"httpx","message":"HTTP Request: POST http://load/companion/v2/tasks/claim \"HTTP/1.1 200 OK\""}
{"timestamp":"2026-09-29T15:34:24.474118+00:00","level":"INFO","logger":"httpx","message":"HTTP Request: POST http://load/companion/v2/tasks/6b4114ae-fc4a-4f54-9e0c-ba87e12557b1/events \"HTTP/1.1 201 Created\""}
{"timestamp":"2026-09-29T15:34:24.475346+00:00","level":"INFO","logger":"httpx","message":"HTTP Request: POST http://load/companion/v2/tasks/ca2a8f7c-c294-4ae0-a9db-c8c624d528d9/complete \"HTTP/1.1 200 OK\""}
{"timestamp":"2026-09-29T15:34:24.476990+00:00","level":"INFO","logger":"httpx","message":"HTTP Request: POST http://load/companion/v2/tasks/6cb2d680-5a02-4c6f-a36f-319de30fa5dc/complete \"HTTP/1.1 200 OK\""}
{"timestamp":"2026-09-29T15:34:24.479578+00:00","level":"INFO","logger":"httpx","message":"HTTP Request: POST http://load/companion/v2/tasks/82b3ea26-86bc-4eeb-be92-e7a609aa4412/complete \"HTTP/1.1 200 OK\""}
{"timestamp":"2026-09-29T15:34:24.479706+00:00","level":"INFO","logger":"httpx","message":"HTTP Request: POST http://load/companion/v2/tasks/eec6ff8e-96d2-454a-afd3-5237f32348c6/complete \"HTTP/1.1 200 OK\""}
{"timestamp":"2026-09-29T15:34:24.481932+00:00","level":"INFO","logger":"httpx","message":"HTTP Request: POST http://load/companion/v2/tasks/e281fe73-a30d-45a5-ad6c-686fc0f7bd98/events \"HTTP/1.1 201 Created\""}
{"timestamp":"2026-09-29T15:34:24.485521+00:00","level":"INFO","logger":"httpx","message":"HTTP Request: POST http://load/companion/v2/tasks/c60948f0-57e7-433e-8e71-51c4529c98d9/events \"HTTP/1.1 201 Created\""}
{"timestamp":"2026-09-29T15:34:24.486779+00:00","level":"INFO","logger":"httpx","message":"HTTP Request: POST http://load/companion/v2/tasks/45146c48-6423-425a-b7f0-79d991de65ae/complete \"HTTP/1.1 200 OK\""}
{"timestamp":"2026-09-29T15:34:24.493834+00:00","level":"INFO","logger":"httpx","message":"HTTP Request: POST http://load/companion/v2/tasks/3c935689-c333-4ee0-98d5-9ad77b434d6a/complete \"HTTP/1.1 200 OK\""}
{"timestamp":"2026-09-29T15:34:24.493948+00:00","level":"INFO","logger":"httpx","message":"HTTP Request: POST http://load/companion/v2/tasks/3cfc0c3e-6665-407a-a936-5bf70f72947f/complete \"HTTP/1.1 200 OK\""}
{"timestamp":"2026-09-29T15:34:24.494448+00:00","level":"INFO","logger":"httpx","message":"HTTP Request: POST http://load/companion/v2/tasks/f8622376-15c0-4e39-a689-ff087addc811/complete \"HTTP/1.1 200 OK\""}
{"timestamp":"2026-09-29T15:34:24.495927+00:00","level":"INFO","logger":"httpx","message":"HTTP Request: POST http://load/companion/v2/tasks/552c2a40-4e7c-440b-9542-178ce459e609/events \"HTTP/1.1 201 Created\""}
{"timestamp":"2026-09-29T15:34:24.496406+00:00","level":"INFO","logger":"httpx","message":"HTTP Request: POST http://load/companion/v2/tasks/5eefc67f-bcbe-48b1-80d5-be424b015260/complete \"HTTP/1.1 200 OK\""}
{"timestamp":"2026-09-29T15:34:24.500670+00:00","level":"INFO","logger":"httpx","message":"HTTP Request: POST http://load/companion/v2/tasks/5a56714e-d138-4699-8a63-a52c7ba9755b/complete \"HTTP/1.1 200 OK\""}
{"timestamp":"2026-09-29T15:34:24.500784+00:00","level":"INFO","logger":"httpx","message":"HTTP Request: POST http://load/companion/v2/tasks/c5bae861-2bf6-4574-90c4-15b32fe2cba1/events \"HTTP/1.1 201 Created\""}
{"timestamp":"2026-09-29T15:34:24.502193+00:00","level":"INFO","logger":"httpx","message":"HTTP Request: POST http://load/companion/v2/tasks/ab88f203-1ac9-486b-8131-4acab11582c6/complete \"HTTP/1.1 200 OK\""}
{"timestamp":"2026-09-29T15:34:24.504308+00:00","level":"INFO","logger":"httpx","message":"HTTP Request: POST http://load/companion/v2/tasks/cf78aade-8da2-4c41-a77d-7abc164c2257/events \"HTTP/1.1 201 Created\""}
{"timestamp":"2026-09-29T15:34:24.504673+00:00","level":"INFO","logger":"httpx","message":"HTTP Request: POST http://load/companion/v2/tasks/bc9f1921-cc1f-4ecf-a2f6-a379fce06d97/complete \"HTTP/1.1 200 OK\""}
{"timestamp":"2026-09-29T15:34:24.510121+00:00","level":"INFO","logger":"httpx","message":"HTTP Request: POST http://load/companion/v2/tasks/claim \"HTTP/1.1 200 OK\""}
{"timestamp":"2026-09-29T15:34:24.511227+00:00","level":"INFO","logger":"httpx","message":"HTTP Request: POST http://load/companion/v2/tasks/f522a177-48bd-4fbd-967b-239a3f5478d7/events \"HTTP/1.1 201 Created\""}
{"timestamp":"2026-09-29T15:34:24.513501+00:00","level":"INFO","logger":"httpx","message":"HTTP Request: POST http://load/companion/v2/tasks/2fd9a9ce-de4c-45c7-839d-249bb81f4733/complete \"HTTP/1.1 200 OK\""}
{"timestamp":"2026-09-29T15:34:24.515696+00:00","level":"INFO","logger":"httpx","message":"HTTP Request: POST http://load/companion/v2/tasks/b5079fdb-34f0-44e0-9370-862701ecd7e1/events \"HTTP/1.1 201 Created\""}
{"timestamp":"2026-09-29T15:34:24.517069+00:00","level":"INFO","logger":"httpx","message":"HTTP Request: POST http://load/companion/v2/tasks/a009f5dd-afcb-4375-a7a0-d3405c4065be/complete \"HTTP/1.1 200 OK\""}
{"timestamp":"2026-09-29T15:34:24.521318+00:00","level":"INFO","logger":"httpx","message":"HTTP Request: POST http://load/companion/v2/tasks/76db8c7d-b70e-4e2c-a3b2-aafb50ca7985/complete \"HTTP/1.1 200 OK\""}
{"timestamp":"2026-09-29T15:34:24.522102+00:00","level":"INFO","logger":"httpx","message":"HTTP Request: POST http://load/companion/v2/tasks/dd40796d-44a0-4873-9d66-369b5d8d40aa/complete \"HTTP/1.1 200 OK\""}
{"timestamp":"2026-09-29T15:34:24.522651+00:00","level":"INFO","logger":"httpx","message":"HTTP Request: POST http://load/companion/v2/tasks/a759357e-492d-4ca5-8641-c55cf5c5ca61/complete \"HTTP/1.1 200 OK\""}
{"timestamp":"2026-09-29T15:34:24.523184+00:00","level":"INFO","logger":"httpx","message":"HTTP Request: POST http://load/companion/v2/tasks/bf7969a7-00ca-4620-9db6-c6976b09af4f/events \"HTTP/1.1 201 Created\""}
{"timestamp":"2026-09-29T15:34:24.525083+00:00","level":"INFO","logger":"httpx","message":"HTTP Request: POST http://load/companion/v2/tasks/2611ef9d-fa1d-427c-8466-8ee88c5cd537/events \"HTTP/1.1 201 Created\""}
{"timestamp":"2026-09-29T15:34:24.526522+00:00","level":"INFO","logger":"httpx","message":"HTTP Request: POST http://load/companion/v2/tasks/9feaff25-bc65-4369-9868-80360458d420/events \"HTTP/1.1 201 Created\""}
{"timestamp":"2026-09-29T15:34:24.526821+00:00","level":"INFO","logger":"httpx","message":"HTTP Request: POST http://load/companion/v2/tasks/656def40-ae56-4fee-a5b8-797a087d5ae9/events \"HTTP/1.1 201 Created\""}
{"timestamp":"2026-09-29T15:34:24.528457+00:00","level":"INFO","logger":"httpx","message":"HTTP Request: POST http://load/companion/v2/tasks/393ee9a4-ee8d-4238-ae83-83c6651d326d/complete \"HTTP/1.1 200 OK\""}
{"timestamp":"2026-09-29T15:34:24.529281+00:00","level":"INFO","logger":"httpx","message":"HTTP Request: POST http://load/companion/v2/tasks/7c0fcaa4-51cb-49ea-a2e5-1ceecf125c27/complete \"HTTP/1.1 200 OK\""}
{"timestamp":"2026-09-29T15:34:24.529390+00:00","level":"INFO","logger":"httpx","message":"HTTP Request: POST http://load/companion/v2/tasks/d269c517-5ece-4d97-9720-3f70e6356769/events \"HTTP/1.1 201 Created\""}
{"timestamp":"2026-09-29T15:34:24.532034+00:00","level":"INFO","logger":"httpx","message":"HTTP Request: POST http://load/companion/v2/tasks/fe70c48e-0fea-41d3-bd27-88bbb41238f9/events \"HTTP/1.1 201 Created\""}
{"timestamp":"2026-09-29T15:34:24.541732+00:00","level":"INFO","logger":"httpx","message":"HTTP Request: POST http://load/companion/v2/tasks/754c5677-478f-4fa3-af00-456ec0ef2ee1/events \"HTTP/1.1 201 Created\""}
{"timestamp":"2026-09-29T15:34:24.543375+00:00","level":"INFO","logger":"httpx","message":"HTTP Request: POST http://load/companion/v2/tasks/5694b942-080f-4ba7-8b7a-54de8d7adc41/complete \"HTTP/1.1 200 OK\""}
{"timestamp":"2026-09-29T15:34:24.544021+00:00","level":"INFO","logger":"httpx","message":"HTTP Request: POST http://load/companion/v2/tasks/0493cab3-4970-465d-a7b0-3c155fcaf01c/complete \"HTTP/1.1 200 OK\""}
{"timestamp":"2026-09-29T15:34:24.544816+00:00","level":"INFO","logger":"httpx","message":"HTTP Request: POST http://load/companion/v2/tasks/74c73673-fdf1-4d23-8afc-4117d5c45182/complete \"HTTP/1.1 200 OK\""}
{"timestamp":"2026-09-29T15:34:24.546288+00:00","level":"INFO","logger":"httpx","message":"HTTP Request: POST http://load/companion/v2/tasks/6e688612-305b-4131-8806-912865d309e0/complete \"HTTP/1.1 200 OK\""}
{"timestamp":"2026-09-29T15:34:24.547013+00:00","level":"INFO","logger":"httpx","message":"HTTP Request: POST http://load/companion/v2/tasks/fd9b397a-5fa5-4b17-8d72-9481e4b57c08/events \"HTTP/1.1 201 Created\""}
{"timestamp":"2026-09-29T15:34:24.554325+00:00","level":"INFO","logger":"httpx","message":"HTTP Request: POST http://load/companion/v2/tasks/c75c714b-cf9f-444a-8aba-a6de2e725b5e/complete \"HTTP/1.1 200 OK\""}
{"timestamp":"2026-09-29T15:34:24.558553+00:00","level":"INFO","logger":"httpx","message":"HTTP Request: POST http://load/companion/v2/tasks/9d5d929e-f31e-45b1-b044-98e8fa5fbee0/events \"HTTP/1.1 201 Created\""}
{"timestamp":"2026-09-29T15:34:24.559966+00:00","level":"INFO","logger":"httpx","message":"HTTP Request: POST http://load/companion/v2/tasks/fa555d00-8f14-4233-95ba-979815b125b4/events \"HTTP/1.1 201 Created\""}
{"timestamp":"2026-09-29T15:34:24.562405+00:00","level":"INFO","logger":"httpx","message":"HTTP Request: POST http://load/companion/v2/tasks/a89b79c4-4cab-4194-a3c9-769e040fc07f/complete \"HTTP/1.1 200 OK\""}
{"timestamp":"2026-09-29T15:34:24.562511+00:00","level":"INFO","logger":"httpx","message":"HTTP Request: POST http://load/companion/v2/tasks/f9a43d35-b102-4fc8-bccc-8a409a71b70d/complete \"HTTP/1.1 200 OK\""}
{"timestamp":"2026-09-29T15:34:24.565925+00:00","level":"INFO","logger":"httpx","message":"HTTP Request: POST http://load/companion/v2/tasks/efd0bac8-5d14-4604-9c86-3325e2ac03cf/complete \"HTTP/1.1 200 OK\""}
{"timestamp":"2026-09-29T15:34:24.567503+00:00","level":"INFO","logger":"httpx","message":"HTTP Request: POST http://load/companion/v2/tasks/4d2e62fe-d9b0-4095-869b-6db910fd1926/complete \"HTTP/1.1 200 OK\""}
{"timestamp":"2026-09-29T15:34:24.572462+00:00","level":"INFO","logger":"httpx","message":"HTTP Request: POST http://load/companion/v2/tasks/b77245f4-57cc-4653-81a9-7310286fa91c/complete \"HTTP/1.1 200 OK\""}
{"timestamp":"2026-09-29T15:34:24.573640+00:00","level":"INFO","logger":"httpx","message":"HTTP Request: POST http://load/companion/v2/tasks/5dda005a-7e56-424c-913a-d82b09e15f94/complete \"HTTP/1.1 200 OK\""}
{"timestamp":"2026-09-29T15:34:24.574358+00:00","level":"INFO","logger":"httpx","message":"HTTP Request: POST http://load/companion/v2/tasks/e569ceb4-9784-4d99-ad64-7250b633964d/complete \"HTTP/1.1 200 OK\""}
{"timestamp":"2026-09-29T15:34:24.574455+00:00","level":"INFO","logger":"httpx","message":"HTTP Request: POST http://load/companion/v2/tasks/4a096770-9037-4d16-88c8-18de72ce517d/events \"HTTP/1.1 201 Created\""}
{"timestamp":"2026-09-29T15:34:24.575710+00:00","level":"INFO","logger":"httpx","message":"HTTP Request: POST http://load/companion/v2/tasks/2a2e8a9e-476a-46ad-b00f-2c2b641f7487/complete \"HTTP/1.1 200 OK\""}
{"timestamp":"2026-09-29T15:34:24.575805+00:00","level":"INFO","logger":"httpx","message":"HTTP Request: POST http://load/companion/v2/tasks/bf7969a7-00ca-4620-9db6-c6976b09af4f/complete \"HTTP/1.1 200 OK\""}
{"timestamp":"2026-09-29T15:34:24.576622+00:00","level":"INFO","logger":"httpx","message":"HTTP Request: POST http://load/companion/v2/tasks/cbafe023-d7e6-49c3-9501-986568cd3d8d/complete \"HTTP/1.1 200 OK\""}
{"timestamp":"2026-09-29T15:34:24.577452+00:00","level":"INFO","logger":"httpx","message":"HTTP Request: POST http://load/companion/v2/tasks/a23bb346-aeab-4f39-9ad6-cc1c30d62975/complete \"HTTP/1.1 200 OK\""}
{"timestamp":"2026-09-29T15:34:24.577547+00:00","level":"INFO","logger":"httpx","message":"HTTP Request: POST http://load/companion/v2/tasks/e281fe73-a30d-45a5-ad6c-686fc0f7bd98/complete \"HTTP/1.1 200 OK\""}
{"timestamp":"2026-09-29T15:34:24.577628+00:00","level":"INFO","logger":"httpx","message":"HTTP Request: POST http://load/companion/v2/tasks/2611ef9d-fa1d-427c-8466-8ee88c5cd537/complete \"HTTP/1.1 200 OK\""}
{"timestamp":"2026-09-29T15:34:24.583647+00:00","level":"INFO","logger":"httpx","message":"HTTP Request: POST http://load/companion/v2/tasks/8299b890-9864-4746-b007-34798f3ddf96/complete \"HTTP/1.1 200 OK\""}
{"timestamp":"2026-09-29T15:34:24.586232+00:00","level":"INFO","logger":"httpx","message":"HTTP Request: POST http://load/companion/v2/tasks/552c2a40-4e7c-440b-9542-178ce459e609/complete \"HTTP/1.1 200 OK\""}
{"timestamp":"2026-09-29T15:34:24.589829+00:00","level":"INFO","logger":"httpx","message":"HTTP Request: POST http://load/companion/v2/tasks/66616844-d756-4fc9-b508-fde4f10c790a/complete \"HTTP/1.1 200 OK\""}
{"timestamp":"2026-09-29T15:34:24.590822+00:00","level":"INFO","logger":"httpx","message":"HTTP Request: POST http://load/companion/v2/tasks/c5bae861-2bf6-4574-90c4-15b32fe2cba1/complete \"HTTP/1.1 200 OK\""}
{"timestamp":"2026-09-29T15:34:24.592036+00:00","level":"INFO","logger":"httpx","message":"HTTP Request: POST http://load/companion/v2/tasks/a0134424-4b39-4187-af8a-06e06ec267fc/complete \"HTTP/1.1 200 OK\""}
{"timestamp":"2026-09-29T15:34:24.593140+00:00","level":"INFO","logger":"httpx","message":"HTTP Request: POST http://load/companion/v2/tasks/bc20260d-9a04-4493-861d-a6e97e5a6210/complete \"HTTP/1.1 200 OK\""}
{"timestamp":"2026-09-29T15:34:24.593518+00:00","level":"INFO","logger":"httpx","message":"HTTP Request: POST http://load/companion/v2/tasks/ca1bec99-629f-411d-a9bd-af859b209112/complete \"HTTP/1.1 200 OK\""}
{"timestamp":"2026-09-29T15:34:24.593605+00:00","level":"INFO","logger":"httpx","message":"HTTP Request: POST http://load/companion/v2/tasks/f522a177-48bd-4fbd-967b-239a3f5478d7/complete \"HTTP/1.1 200 OK\""}
{"timestamp":"2026-09-29T15:34:24.597933+00:00","level":"INFO","logger":"httpx","message":"HTTP Request: POST http://load/companion/v2/tasks/30679b53-0e6e-451e-bb78-fcb3a507341a/complete \"HTTP/1.1 200 OK\""}
{"timestamp":"2026-09-29T15:34:24.598045+00:00","level":"INFO","logger":"httpx","message":"HTTP Request: POST http://load/companion/v2/tasks/83deca91-a0fa-4e10-b2b6-f37f5b30f324/complete \"HTTP/1.1 200 OK\""}
{"timestamp":"2026-09-29T15:34:24.601680+00:00","level":"INFO","logger":"httpx","message":"HTTP Request: POST http://load/companion/v2/tasks/c4a94b51-69f1-41ef-8dc2-b49c429f1654/complete \"HTTP/1.1 200 OK\""}
{"timestamp":"2026-09-29T15:34:24.604014+00:00","level":"INFO","logger":"httpx","message":"HTTP Request: POST http://load/companion/v2/tasks/b5079fdb-34f0-44e0-9370-862701ecd7e1/complete \"HTTP/1.1 200 OK\""}
{"timestamp":"2026-09-29T15:34:24.604122+00:00","level":"INFO","logger":"httpx","message":"HTTP Request: POST http://load/companion/v2/tasks/6c4ed798-1cd8-42c8-a1d2-934027ecd092/complete \"HTTP/1.1 200 OK\""}
{"timestamp":"2026-09-29T15:34:24.604611+00:00","level":"INFO","logger":"httpx","message":"HTTP Request: POST http://load/companion/v2/tasks/6b4114ae-fc4a-4f54-9e0c-ba87e12557b1/complete \"HTTP/1.1 200 OK\""}
{"timestamp":"2026-09-29T15:34:24.604699+00:00","level":"INFO","logger":"httpx","message":"HTTP Request: POST http://load/companion/v2/tasks/9d5d929e-f31e-45b1-b044-98e8fa5fbee0/complete \"HTTP/1.1 200 OK\""}
{"timestamp":"2026-09-29T15:34:24.605180+00:00","level":"INFO","logger":"httpx","message":"HTTP Request: POST http://load/companion/v2/tasks/afbb9780-22a3-4a00-88ef-34865524d86d/complete \"HTTP/1.1 200 OK\""}
{"timestamp":"2026-09-29T15:34:24.606166+00:00","level":"INFO","logger":"httpx","message":"HTTP Request: POST http://load/companion/v2/tasks/65577326-bcce-418e-85f1-0d3501fd040c/complete \"HTTP/1.1 200 OK\""}
{"timestamp":"2026-09-29T15:34:24.606830+00:00","level":"INFO","logger":"httpx","message":"HTTP Request: POST http://load/companion/v2/tasks/fa555d00-8f14-4233-95ba-979815b125b4/complete \"HTTP/1.1 200 OK\""}
{"timestamp":"2026-09-29T15:34:24.607619+00:00","level":"INFO","logger":"httpx","message":"HTTP Request: POST http://load/companion/v2/tasks/d269c517-5ece-4d97-9720-3f70e6356769/complete \"HTTP/1.1 200 OK\""}
{"timestamp":"2026-09-29T15:34:24.608184+00:00","level":"INFO","logger":"httpx","message":"HTTP Request: POST http://load/companion/v2/tasks/656def40-ae56-4fee-a5b8-797a087d5ae9/complete \"HTTP/1.1 200 OK\""}
{"timestamp":"2026-09-29T15:34:24.612349+00:00","level":"INFO","logger":"httpx","message":"HTTP Request: POST http://load/companion/v2/tasks/c60948f0-57e7-433e-8e71-51c4529c98d9/complete \"HTTP/1.1 200 OK\""}
{"timestamp":"2026-09-29T15:34:24.612460+00:00","level":"INFO","logger":"httpx","message":"HTTP Request: POST http://load/companion/v2/tasks/754c5677-478f-4fa3-af00-456ec0ef2ee1/complete \"HTTP/1.1 200 OK\""}
{"timestamp":"2026-09-29T15:34:24.615152+00:00","level":"INFO","logger":"httpx","message":"HTTP Request: POST http://load/companion/v2/tasks/c308a396-cddb-4c47-938c-3fd633e63771/events \"HTTP/1.1 201 Created\""}
{"timestamp":"2026-09-29T15:34:24.616178+00:00","level":"INFO","logger":"httpx","message":"HTTP Request: POST http://load/companion/v2/tasks/0c646913-b031-49a9-8276-b383a81b9358/complete \"HTTP/1.1 200 OK\""}
{"timestamp":"2026-09-29T15:34:24.617825+00:00","level":"INFO","logger":"httpx","message":"HTTP Request: POST http://load/companion/v2/tasks/fd9b397a-5fa5-4b17-8d72-9481e4b57c08/complete \"HTTP/1.1 200 OK\""}
{"timestamp":"2026-09-29T15:34:24.618713+00:00","level":"INFO","logger":"httpx","message":"HTTP Request: POST http://load/companion/v2/tasks/4a096770-9037-4d16-88c8-18de72ce517d/complete \"HTTP/1.1 200 OK\""}
{"timestamp":"2026-09-29T15:34:24.619960+00:00","level":"INFO","logger":"httpx","message":"HTTP Request: POST http://load/companion/v2/tasks/778744f7-5151-4aa7-93eb-514aafa8b9ec/complete \"HTTP/1.1 200 OK\""}
{"timestamp":"2026-09-29T15:34:24.620059+00:00","level":"INFO","logger":"httpx","message":"HTTP Request: POST http://load/companion/v2/tasks/51ca5c56-f9b1-49a4-bea0-d74bd37f7f9d/complete \"HTTP/1.1 200 OK\""}
{"timestamp":"2026-09-29T15:34:24.620199+00:00","level":"INFO","logger":"httpx","message":"HTTP Request: POST http://load/companion/v2/tasks/63482bca-f3f1-4de6-9511-73bc766c9df2/complete \"HTTP/1.1 200 OK\""}
{"timestamp":"2026-09-29T15:34:24.620278+00:00","level":"INFO","logger":"httpx","message":"HTTP Request: POST http://load/companion/v2/tasks/9feaff25-bc65-4369-9868-80360458d420/complete \"HTTP/1.1 200 OK\""}
{"timestamp":"2026-09-29T15:34:24.620841+00:00","level":"INFO","logger":"httpx","message":"HTTP Request: POST http://load/companion/v2/tasks/da3dbc13-e050-43b9-8362-f09674c34102/complete \"HTTP/1.1 200 OK\""}
{"timestamp":"2026-09-29T15:34:24.621118+00:00","level":"INFO","logger":"httpx","message":"HTTP Request: POST http://load/companion/v2/tasks/b52f6d5b-6224-49c9-8a80-f50b09193b67/complete \"HTTP/1.1 200 OK\""}
{"timestamp":"2026-09-29T15:34:24.621234+00:00","level":"INFO","logger":"httpx","message":"HTTP Request: POST http://load/companion/v2/tasks/fe70c48e-0fea-41d3-bd27-88bbb41238f9/complete \"HTTP/1.1 200 OK\""}
{"timestamp":"2026-09-29T15:34:24.622442+00:00","level":"INFO","logger":"httpx","message":"HTTP Request: POST http://load/companion/v2/tasks/8208b544-2046-4dcd-a47a-797da4429360/events \"HTTP/1.1 201 Created\""}
{"timestamp":"2026-09-29T15:34:24.623414+00:00","level":"INFO","logger":"httpx","message":"HTTP Request: POST http://load/companion/v2/tasks/43c321eb-d031-49ca-ba54-016dd6234b58/complete \"HTTP/1.1 200 OK\""}
{"timestamp":"2026-09-29T15:34:24.625577+00:00","level":"INFO","logger":"httpx","message":"HTTP Request: POST http://load/companion/v2/tasks/cf78aade-8da2-4c41-a77d-7abc164c2257/complete \"HTTP/1.1 200 OK\""}
{"timestamp":"2026-09-29T15:34:24.627968+00:00","level":"INFO","logger":"httpx","message":"HTTP Request: POST http://load/companion/v2/tasks/c308a396-cddb-4c47-938c-3fd633e63771/complete \"HTTP/1.1 200 OK\""}
{"timestamp":"2026-09-29T15:34:24.630415+00:00","level":"INFO","logger":"httpx","message":"HTTP Request: POST http://load/companion/v2/tasks/8208b544-2046-4dcd-a47a-797da4429360/complete \"HTTP/1.1 200 OK\""}
